2026-09-18 01:08:20 WARN  com.zaxxer.hikari.pool.HikariPool - HikariPool-1 - Thread starvation or clock leap detected (housekeeper delta=6h36m37s444ms501µs300ns).
2026-09-18 01:08:25 DEBUG c.s.c.s.JwtAuthenticationFilter - Authentication skipped for internal endpoint, uri=/api/v1/admin/internal/notification-recipients
2026-09-18 10:18:30 WARN  com.zaxxer.hikari.pool.HikariPool - HikariPool-1 - Thread starvation or clock leap detected (housekeeper delta=9h10m15s394ms491µs600ns).
2026-09-18 10:18:34 DEBUG c.s.c.s.JwtAuthenticationFilter - Authentication skipped for internal endpoint, uri=/api/v1/admin/internal/notification-recipients
2026-09-18 10:19:08 DEBUG c.s.c.s.JwtAuthenticationFilter - Authentication skipped for internal endpoint, uri=/api/v1/admin/internal/notification-recipients
2026-09-18 10:19:39 DEBUG c.s.c.s.JwtAuthenticationFilter - Authentication skipped for internal endpoint, uri=/api/v1/admin/internal/notification-recipients
2026-09-18 10:20:09 DEBUG c.s.c.s.JwtAuthenticationFilter - Authentication skipped for internal endpoint, uri=/api/v1/admin/internal/notification-recipients
2026-09-18 10:20:26 DEBUG c.s.c.s.JwtAuthenticationFilter - Authentication skipped for public auth endpoint, uri=/api/v1/auth/login
2026-09-18 10:20:26 INFO  c.s.auth.controller.AuthController - Login request received, ip=0:0:0:0:0:0:0:1
2026-09-18 10:20:26 INFO  c.s.auth.service.AuthServiceImpl - Sanitized email=admin1@frms.com
2026-09-18 10:20:30 INFO  c.se_frms.sms.service.SmsServiceImpl - MSG24x7 SMS API response: {"ErrorCode":0,"ErrorDescription":null,"Data":[{"MessageErrorCode":0,"MessageErrorDescription":"Success","MobileNumber":"919839307509","MessageId":"9d18f594-8af7-48a7-afe7-c2fa5529549e","Custom":null}]}
2026-09-18 10:20:30 INFO  c.se_frms.sms.service.SmsServiceImpl - Login OTP SMS sent successfully, mobile=******7509
2026-09-18 10:20:30 INFO  c.s.a.s.LoginAttemptServiceImpl - Saving login attempt, userId=1, status=true, reason=OTP_SENT
2026-09-18 10:20:30 INFO  c.s.a.s.LoginAttemptServiceImpl - Login attempt saved successfully, userId=1, status=true
2026-09-18 10:20:30 INFO  c.s.auth.service.AuthServiceImpl - Login OTP SMS service completed, userId=1
2026-09-18 10:20:30 INFO  c.s.auth.controller.AuthController - Password verified and OTP generated, ip=0:0:0:0:0:0:0:1
2026-09-18 10:20:39 DEBUG c.s.c.s.JwtAuthenticationFilter - Authentication skipped for internal endpoint, uri=/api/v1/admin/internal/notification-recipients
2026-09-18 10:20:53 DEBUG c.s.c.s.JwtAuthenticationFilter - Authentication skipped for internal endpoint, uri=/api/v1/internal/rule-cache/active-rules
2026-09-18 10:20:53 DEBUG c.s.c.s.JwtAuthenticationFilter - Authentication skipped for internal endpoint, uri=/api/v1/internal/rule-cache/active-decision-policy
2026-09-18 10:20:53 DEBUG c.s.c.s.JwtAuthenticationFilter - Authentication skipped for internal endpoint, uri=/api/v1/internal/rule-cache/active-blacklist-entries
2026-09-18 10:21:09 DEBUG c.s.c.s.JwtAuthenticationFilter - Authentication skipped for internal endpoint, uri=/api/v1/admin/internal/notification-recipients
2026-09-18 10:21:39 DEBUG c.s.c.s.JwtAuthenticationFilter - Authentication skipped for internal endpoint, uri=/api/v1/admin/internal/notification-recipients
2026-09-18 10:21:50 DEBUG c.s.c.s.JwtAuthenticationFilter - Authentication skipped for public auth endpoint, uri=/api/v1/auth/verify-otp
2026-09-18 10:21:50 INFO  c.s.auth.controller.AuthController - Verify OTP request received
2026-09-18 10:21:50 INFO  c.s.a.s.SessionStoreServiceImpl - Create session service started, userId=1
2026-09-18 10:21:50 INFO  c.s.a.s.SessionStoreServiceImpl - Session created successfully, userId=1
2026-09-18 10:21:50 INFO  c.s.a.s.LoginAttemptServiceImpl - Saving login attempt, userId=1, status=true, reason=LOGIN_SUCCESS
2026-09-18 10:21:50 INFO  c.s.a.s.LoginAttemptServiceImpl - Login attempt saved successfully, userId=1, status=true
2026-09-18 10:21:50 INFO  c.s.a.s.LoginHistoryServiceImpl - Saving login history, userId=1, status=true
2026-09-18 10:21:50 INFO  c.s.a.s.LoginHistoryServiceImpl - Login history saved successfully, userId=1, status=true
2026-09-18 10:21:50 INFO  c.s.auth.controller.AuthController - OTP verified and login successful
2026-09-18 10:22:09 DEBUG c.s.c.s.JwtAuthenticationFilter - Authentication skipped for internal endpoint, uri=/api/v1/admin/internal/notification-recipients
2026-09-18 10:22:39 DEBUG c.s.c.s.JwtAuthenticationFilter - Authentication skipped for internal endpoint, uri=/api/v1/admin/internal/notification-recipients
2026-09-18 10:23:10 DEBUG c.s.c.s.JwtAuthenticationFilter - Authentication skipped for internal endpoint, uri=/api/v1/admin/internal/notification-recipients
2026-09-18 10:23:40 DEBUG c.s.c.s.JwtAuthenticationFilter - Authentication skipped for internal endpoint, uri=/api/v1/admin/internal/notification-recipients
2026-09-18 10:24:10 DEBUG c.s.c.s.JwtAuthenticationFilter - Authentication skipped for internal endpoint, uri=/api/v1/admin/internal/notification-recipients
2026-09-18 10:24:40 DEBUG c.s.c.s.JwtAuthenticationFilter - Authentication skipped for internal endpoint, uri=/api/v1/admin/internal/notification-recipients
2026-09-18 10:25:10 DEBUG c.s.c.s.JwtAuthenticationFilter - Authentication skipped for internal endpoint, uri=/api/v1/admin/internal/notification-recipients
2026-09-18 10:25:40 DEBUG c.s.c.s.JwtAuthenticationFilter - Authentication skipped for internal endpoint, uri=/api/v1/admin/internal/notification-recipients
2026-09-18 10:25:53 DEBUG c.s.c.s.JwtAuthenticationFilter - Authentication skipped for internal endpoint, uri=/api/v1/internal/rule-cache/active-rules
2026-09-18 10:25:53 DEBUG c.s.c.s.JwtAuthenticationFilter - Authentication skipped for internal endpoint, uri=/api/v1/internal/rule-cache/active-decision-policy
2026-09-18 10:25:53 DEBUG c.s.c.s.JwtAuthenticationFilter - Authentication skipped for internal endpoint, uri=/api/v1/internal/rule-cache/active-blacklist-entries
2026-09-18 10:26:10 DEBUG c.s.c.s.JwtAuthenticationFilter - Authentication skipped for internal endpoint, uri=/api/v1/admin/internal/notification-recipients
2026-09-18 10:26:40 DEBUG c.s.c.s.JwtAuthenticationFilter - Authentication skipped for internal endpoint, uri=/api/v1/admin/internal/notification-recipients
2026-09-18 10:27:10 DEBUG c.s.c.s.JwtAuthenticationFilter - Authentication skipped for internal endpoint, uri=/api/v1/admin/internal/notification-recipients
2026-09-18 10:27:40 DEBUG c.s.c.s.JwtAuthenticationFilter - Authentication skipped for internal endpoint, uri=/api/v1/admin/internal/notification-recipients
2026-09-18 10:28:10 DEBUG c.s.c.s.JwtAuthenticationFilter - Authentication skipped for internal endpoint, uri=/api/v1/admin/internal/notification-recipients
2026-09-18 10:28:40 DEBUG c.s.c.s.JwtAuthenticationFilter - Authentication skipped for internal endpoint, uri=/api/v1/admin/internal/notification-recipients
2026-09-18 10:29:10 DEBUG c.s.c.s.JwtAuthenticationFilter - Authentication skipped for internal endpoint, uri=/api/v1/admin/internal/notification-recipients
2026-09-18 10:29:40 DEBUG c.s.c.s.JwtAuthenticationFilter - Authentication skipped for internal endpoint, uri=/api/v1/admin/internal/notification-recipients
2026-09-18 10:30:10 DEBUG c.s.c.s.JwtAuthenticationFilter - Authentication skipped for internal endpoint, uri=/api/v1/admin/internal/notification-recipients
2026-09-18 10:30:41 DEBUG c.s.c.s.JwtAuthenticationFilter - Authentication skipped for internal endpoint, uri=/api/v1/admin/internal/notification-recipients
2026-09-18 10:30:53 DEBUG c.s.c.s.JwtAuthenticationFilter - Authentication skipped for internal endpoint, uri=/api/v1/internal/rule-cache/active-rules
2026-09-18 10:30:53 DEBUG c.s.c.s.JwtAuthenticationFilter - Authentication skipped for internal endpoint, uri=/api/v1/internal/rule-cache/active-decision-policy
2026-09-18 10:30:53 DEBUG c.s.c.s.JwtAuthenticationFilter - Authentication skipped for internal endpoint, uri=/api/v1/internal/rule-cache/active-blacklist-entries
2026-09-18 10:31:11 DEBUG c.s.c.s.JwtAuthenticationFilter - Authentication skipped for internal endpoint, uri=/api/v1/admin/internal/notification-recipients
2026-09-18 10:31:41 DEBUG c.s.c.s.JwtAuthenticationFilter - Authentication skipped for internal endpoint, uri=/api/v1/admin/internal/notification-recipients
2026-09-18 10:32:11 DEBUG c.s.c.s.JwtAuthenticationFilter - Authentication skipped for internal endpoint, uri=/api/v1/admin/internal/notification-recipients
2026-09-18 10:32:41 DEBUG c.s.c.s.JwtAuthenticationFilter - Authentication skipped for internal endpoint, uri=/api/v1/admin/internal/notification-recipients
2026-09-18 10:33:11 DEBUG c.s.c.s.JwtAuthenticationFilter - Authentication skipped for internal endpoint, uri=/api/v1/admin/internal/notification-recipients
2026-09-18 10:33:41 DEBUG c.s.c.s.JwtAuthenticationFilter - Authentication skipped for internal endpoint, uri=/api/v1/admin/internal/notification-recipients
2026-09-18 10:34:11 DEBUG c.s.c.s.JwtAuthenticationFilter - Authentication skipped for internal endpoint, uri=/api/v1/admin/internal/notification-recipients
2026-09-18 10:34:41 DEBUG c.s.c.s.JwtAuthenticationFilter - Authentication skipped for internal endpoint, uri=/api/v1/admin/internal/notification-recipients
2026-09-18 10:35:11 DEBUG c.s.c.s.JwtAuthenticationFilter - Authentication skipped for internal endpoint, uri=/api/v1/admin/internal/notification-recipients
2026-09-18 10:35:41 DEBUG c.s.c.s.JwtAuthenticationFilter - Authentication skipped for internal endpoint, uri=/api/v1/admin/internal/notification-recipients
2026-09-18 10:35:53 DEBUG c.s.c.s.JwtAuthenticationFilter - Authentication skipped for internal endpoint, uri=/api/v1/internal/rule-cache/active-rules
2026-09-18 10:35:53 DEBUG c.s.c.s.JwtAuthenticationFilter - Authentication skipped for internal endpoint, uri=/api/v1/internal/rule-cache/active-decision-policy
2026-09-18 10:35:53 DEBUG c.s.c.s.JwtAuthenticationFilter - Authentication skipped for internal endpoint, uri=/api/v1/internal/rule-cache/active-blacklist-entries
2026-09-18 10:36:11 DEBUG c.s.c.s.JwtAuthenticationFilter - Authentication skipped for internal endpoint, uri=/api/v1/admin/internal/notification-recipients
2026-09-18 10:36:41 DEBUG c.s.c.s.JwtAuthenticationFilter - Authentication skipped for internal endpoint, uri=/api/v1/admin/internal/notification-recipients
2026-09-18 10:37:11 DEBUG c.s.c.s.JwtAuthenticationFilter - Authentication skipped for internal endpoint, uri=/api/v1/admin/internal/notification-recipients
2026-09-18 10:37:41 DEBUG c.s.c.s.JwtAuthenticationFilter - Authentication skipped for internal endpoint, uri=/api/v1/admin/internal/notification-recipients
2026-09-18 10:38:11 DEBUG c.s.c.s.JwtAuthenticationFilter - Authentication skipped for internal endpoint, uri=/api/v1/admin/internal/notification-recipients
2026-09-18 10:38:41 DEBUG c.s.c.s.JwtAuthenticationFilter - Authentication skipped for internal endpoint, uri=/api/v1/admin/internal/notification-recipients
2026-09-18 10:39:11 DEBUG c.s.c.s.JwtAuthenticationFilter - Authentication skipped for internal endpoint, uri=/api/v1/admin/internal/notification-recipients
2026-09-18 10:39:41 DEBUG c.s.c.s.JwtAuthenticationFilter - Authentication skipped for internal endpoint, uri=/api/v1/admin/internal/notification-recipients
2026-09-18 10:40:11 DEBUG c.s.c.s.JwtAuthenticationFilter - Authentication skipped for internal endpoint, uri=/api/v1/admin/internal/notification-recipients
2026-09-18 10:40:41 DEBUG c.s.c.s.JwtAuthenticationFilter - Authentication skipped for internal endpoint, uri=/api/v1/admin/internal/notification-recipients
2026-09-18 10:40:53 DEBUG c.s.c.s.JwtAuthenticationFilter - Authentication skipped for internal endpoint, uri=/api/v1/internal/rule-cache/active-rules
2026-09-18 10:40:54 DEBUG c.s.c.s.JwtAuthenticationFilter - Authentication skipped for internal endpoint, uri=/api/v1/internal/rule-cache/active-decision-policy
2026-09-18 10:40:54 DEBUG c.s.c.s.JwtAuthenticationFilter - Authentication skipped for internal endpoint, uri=/api/v1/internal/rule-cache/active-blacklist-entries
2026-09-18 10:41:11 DEBUG c.s.c.s.JwtAuthenticationFilter - Authentication skipped for internal endpoint, uri=/api/v1/admin/internal/notification-recipients
2026-09-18 10:41:41 DEBUG c.s.c.s.JwtAuthenticationFilter - Authentication skipped for internal endpoint, uri=/api/v1/admin/internal/notification-recipients
2026-09-18 10:42:11 DEBUG c.s.c.s.JwtAuthenticationFilter - Authentication skipped for internal endpoint, uri=/api/v1/admin/internal/notification-recipients
2026-09-18 10:42:41 DEBUG c.s.c.s.JwtAuthenticationFilter - Authentication skipped for internal endpoint, uri=/api/v1/admin/internal/notification-recipients
2026-09-18 10:43:11 DEBUG c.s.c.s.JwtAuthenticationFilter - Authentication skipped for internal endpoint, uri=/api/v1/admin/internal/notification-recipients
2026-09-18 10:43:41 DEBUG c.s.c.s.JwtAuthenticationFilter - Authentication skipped for internal endpoint, uri=/api/v1/admin/internal/notification-recipients
2026-09-18 10:44:11 DEBUG c.s.c.s.JwtAuthenticationFilter - Authentication skipped for internal endpoint, uri=/api/v1/admin/internal/notification-recipients
2026-09-18 10:44:41 DEBUG c.s.c.s.JwtAuthenticationFilter - Authentication skipped for internal endpoint, uri=/api/v1/admin/internal/notification-recipients
2026-09-18 10:45:11 DEBUG c.s.c.s.JwtAuthenticationFilter - Authentication skipped for internal endpoint, uri=/api/v1/admin/internal/notification-recipients
2026-09-18 10:45:41 DEBUG c.s.c.s.JwtAuthenticationFilter - Authentication skipped for internal endpoint, uri=/api/v1/admin/internal/notification-recipients
2026-09-18 10:45:54 DEBUG c.s.c.s.JwtAuthenticationFilter - Authentication skipped for internal endpoint, uri=/api/v1/internal/rule-cache/active-rules
2026-09-18 10:45:54 DEBUG c.s.c.s.JwtAuthenticationFilter - Authentication skipped for internal endpoint, uri=/api/v1/internal/rule-cache/active-decision-policy
2026-09-18 10:45:54 DEBUG c.s.c.s.JwtAuthenticationFilter - Authentication skipped for internal endpoint, uri=/api/v1/internal/rule-cache/active-blacklist-entries
2026-09-18 10:46:11 DEBUG c.s.c.s.JwtAuthenticationFilter - Authentication skipped for internal endpoint, uri=/api/v1/admin/internal/notification-recipients
2026-09-18 10:46:42 DEBUG c.s.c.s.JwtAuthenticationFilter - Authentication skipped for internal endpoint, uri=/api/v1/admin/internal/notification-recipients
2026-09-18 10:47:12 DEBUG c.s.c.s.JwtAuthenticationFilter - Authentication skipped for internal endpoint, uri=/api/v1/admin/internal/notification-recipients
2026-09-18 10:47:42 DEBUG c.s.c.s.JwtAuthenticationFilter - Authentication skipped for internal endpoint, uri=/api/v1/admin/internal/notification-recipients
2026-09-18 10:48:12 DEBUG c.s.c.s.JwtAuthenticationFilter - Authentication skipped for internal endpoint, uri=/api/v1/admin/internal/notification-recipients
2026-09-18 10:48:42 DEBUG c.s.c.s.JwtAuthenticationFilter - Authentication skipped for internal endpoint, uri=/api/v1/admin/internal/notification-recipients
2026-09-18 10:49:12 DEBUG c.s.c.s.JwtAuthenticationFilter - Authentication skipped for internal endpoint, uri=/api/v1/admin/internal/notification-recipients
2026-09-18 10:49:42 DEBUG c.s.c.s.JwtAuthenticationFilter - Authentication skipped for internal endpoint, uri=/api/v1/admin/internal/notification-recipients
2026-09-18 10:50:12 DEBUG c.s.c.s.JwtAuthenticationFilter - Authentication skipped for internal endpoint, uri=/api/v1/admin/internal/notification-recipients
2026-09-18 10:50:42 DEBUG c.s.c.s.JwtAuthenticationFilter - Authentication skipped for internal endpoint, uri=/api/v1/admin/internal/notification-recipients
2026-09-18 10:50:54 DEBUG c.s.c.s.JwtAuthenticationFilter - Authentication skipped for internal endpoint, uri=/api/v1/internal/rule-cache/active-rules
2026-09-18 10:50:54 DEBUG c.s.c.s.JwtAuthenticationFilter - Authentication skipped for internal endpoint, uri=/api/v1/internal/rule-cache/active-decision-policy
2026-09-18 10:50:54 DEBUG c.s.c.s.JwtAuthenticationFilter - Authentication skipped for internal endpoint, uri=/api/v1/internal/rule-cache/active-blacklist-entries
2026-09-18 10:51:12 DEBUG c.s.c.s.JwtAuthenticationFilter - Authentication skipped for internal endpoint, uri=/api/v1/admin/internal/notification-recipients
2026-09-18 10:51:42 DEBUG c.s.c.s.JwtAuthenticationFilter - Authentication skipped for internal endpoint, uri=/api/v1/admin/internal/notification-recipients
2026-09-18 10:52:12 DEBUG c.s.c.s.JwtAuthenticationFilter - Authentication skipped for internal endpoint, uri=/api/v1/admin/internal/notification-recipients
2026-09-18 10:52:42 DEBUG c.s.c.s.JwtAuthenticationFilter - Authentication skipped for internal endpoint, uri=/api/v1/admin/internal/notification-recipients
2026-09-18 10:53:12 DEBUG c.s.c.s.JwtAuthenticationFilter - Authentication skipped for internal endpoint, uri=/api/v1/admin/internal/notification-recipients
2026-09-18 10:53:42 DEBUG c.s.c.s.JwtAuthenticationFilter - Authentication skipped for internal endpoint, uri=/api/v1/admin/internal/notification-recipients
2026-09-18 10:54:12 DEBUG c.s.c.s.JwtAuthenticationFilter - Authentication skipped for internal endpoint, uri=/api/v1/admin/internal/notification-recipients
2026-09-18 10:54:42 DEBUG c.s.c.s.JwtAuthenticationFilter - Authentication skipped for internal endpoint, uri=/api/v1/admin/internal/notification-recipients
2026-09-18 10:55:12 DEBUG c.s.c.s.JwtAuthenticationFilter - Authentication skipped for internal endpoint, uri=/api/v1/admin/internal/notification-recipients
2026-09-18 10:55:42 DEBUG c.s.c.s.JwtAuthenticationFilter - Authentication skipped for internal endpoint, uri=/api/v1/admin/internal/notification-recipients
2026-09-18 10:55:54 DEBUG c.s.c.s.JwtAuthenticationFilter - Authentication skipped for internal endpoint, uri=/api/v1/internal/rule-cache/active-rules
2026-09-18 10:55:54 DEBUG c.s.c.s.JwtAuthenticationFilter - Authentication skipped for internal endpoint, uri=/api/v1/internal/rule-cache/active-decision-policy
2026-09-18 10:55:54 DEBUG c.s.c.s.JwtAuthenticationFilter - Authentication skipped for internal endpoint, uri=/api/v1/internal/rule-cache/active-blacklist-entries
2026-09-18 10:56:12 DEBUG c.s.c.s.JwtAuthenticationFilter - Authentication skipped for internal endpoint, uri=/api/v1/admin/internal/notification-recipients
2026-09-18 10:56:42 DEBUG c.s.c.s.JwtAuthenticationFilter - Authentication skipped for internal endpoint, uri=/api/v1/admin/internal/notification-recipients
2026-09-18 10:57:12 DEBUG c.s.c.s.JwtAuthenticationFilter - Authentication skipped for internal endpoint, uri=/api/v1/admin/internal/notification-recipients
2026-09-18 10:57:42 DEBUG c.s.c.s.JwtAuthenticationFilter - Authentication skipped for internal endpoint, uri=/api/v1/admin/internal/notification-recipients
2026-09-18 10:58:12 DEBUG c.s.c.s.JwtAuthenticationFilter - Authentication skipped for internal endpoint, uri=/api/v1/admin/internal/notification-recipients
2026-09-18 10:58:42 DEBUG c.s.c.s.JwtAuthenticationFilter - Authentication skipped for internal endpoint, uri=/api/v1/admin/internal/notification-recipients
2026-09-18 10:59:12 DEBUG c.s.c.s.JwtAuthenticationFilter - Authentication skipped for internal endpoint, uri=/api/v1/admin/internal/notification-recipients
2026-09-18 10:59:42 DEBUG c.s.c.s.JwtAuthenticationFilter - Authentication skipped for internal endpoint, uri=/api/v1/admin/internal/notification-recipients
2026-09-18 11:00:12 DEBUG c.s.c.s.JwtAuthenticationFilter - Authentication skipped for internal endpoint, uri=/api/v1/admin/internal/notification-recipients
2026-09-18 11:00:42 DEBUG c.s.c.s.JwtAuthenticationFilter - Authentication skipped for internal endpoint, uri=/api/v1/admin/internal/notification-recipients
2026-09-18 11:00:54 DEBUG c.s.c.s.JwtAuthenticationFilter - Authentication skipped for internal endpoint, uri=/api/v1/internal/rule-cache/active-rules
2026-09-18 11:00:54 DEBUG c.s.c.s.JwtAuthenticationFilter - Authentication skipped for internal endpoint, uri=/api/v1/internal/rule-cache/active-decision-policy
2026-09-18 11:00:54 DEBUG c.s.c.s.JwtAuthenticationFilter - Authentication skipped for internal endpoint, uri=/api/v1/internal/rule-cache/active-blacklist-entries
2026-09-18 11:01:12 DEBUG c.s.c.s.JwtAuthenticationFilter - Authentication skipped for internal endpoint, uri=/api/v1/admin/internal/notification-recipients
2026-09-18 11:01:42 DEBUG c.s.c.s.JwtAuthenticationFilter - Authentication skipped for internal endpoint, uri=/api/v1/admin/internal/notification-recipients
2026-09-18 11:02:12 DEBUG c.s.c.s.JwtAuthenticationFilter - Authentication skipped for internal endpoint, uri=/api/v1/admin/internal/notification-recipients
2026-09-18 11:02:42 DEBUG c.s.c.s.JwtAuthenticationFilter - Authentication skipped for internal endpoint, uri=/api/v1/admin/internal/notification-recipients
2026-09-18 11:03:13 DEBUG c.s.c.s.JwtAuthenticationFilter - Authentication skipped for internal endpoint, uri=/api/v1/admin/internal/notification-recipients
2026-09-18 11:03:43 DEBUG c.s.c.s.JwtAuthenticationFilter - Authentication skipped for internal endpoint, uri=/api/v1/admin/internal/notification-recipients
2026-09-18 11:04:13 DEBUG c.s.c.s.JwtAuthenticationFilter - Authentication skipped for internal endpoint, uri=/api/v1/admin/internal/notification-recipients
2026-09-18 11:04:43 DEBUG c.s.c.s.JwtAuthenticationFilter - Authentication skipped for internal endpoint, uri=/api/v1/admin/internal/notification-recipients
2026-09-18 11:05:13 DEBUG c.s.c.s.JwtAuthenticationFilter - Authentication skipped for internal endpoint, uri=/api/v1/admin/internal/notification-recipients
2026-09-18 11:05:43 DEBUG c.s.c.s.JwtAuthenticationFilter - Authentication skipped for internal endpoint, uri=/api/v1/admin/internal/notification-recipients
2026-09-18 11:05:54 DEBUG c.s.c.s.JwtAuthenticationFilter - Authentication skipped for internal endpoint, uri=/api/v1/internal/rule-cache/active-rules
2026-09-18 11:05:54 DEBUG c.s.c.s.JwtAuthenticationFilter - Authentication skipped for internal endpoint, uri=/api/v1/internal/rule-cache/active-decision-policy
2026-09-18 11:05:54 DEBUG c.s.c.s.JwtAuthenticationFilter - Authentication skipped for internal endpoint, uri=/api/v1/internal/rule-cache/active-blacklist-entries
2026-09-18 11:06:13 DEBUG c.s.c.s.JwtAuthenticationFilter - Authentication skipped for internal endpoint, uri=/api/v1/admin/internal/notification-recipients
2026-09-18 11:06:43 DEBUG c.s.c.s.JwtAuthenticationFilter - Authentication skipped for internal endpoint, uri=/api/v1/admin/internal/notification-recipients
2026-09-18 11:07:13 DEBUG c.s.c.s.JwtAuthenticationFilter - Authentication skipped for internal endpoint, uri=/api/v1/admin/internal/notification-recipients
2026-09-18 11:07:43 DEBUG c.s.c.s.JwtAuthenticationFilter - Authentication skipped for internal endpoint, uri=/api/v1/admin/internal/notification-recipients
2026-09-18 11:08:13 DEBUG c.s.c.s.JwtAuthenticationFilter - Authentication skipped for internal endpoint, uri=/api/v1/admin/internal/notification-recipients
2026-09-18 11:08:43 DEBUG c.s.c.s.JwtAuthenticationFilter - Authentication skipped for internal endpoint, uri=/api/v1/admin/internal/notification-recipients
2026-09-18 11:16:15 DEBUG c.s.c.s.JwtAuthenticationFilter - Authentication skipped for internal endpoint, uri=/api/v1/admin/internal/notification-recipients
2026-09-18 11:16:34 WARN  com.zaxxer.hikari.pool.HikariPool - HikariPool-1 - Thread starvation or clock leap detected (housekeeper delta=7m31s740ms313µs200ns).
2026-09-18 11:16:45 DEBUG c.s.c.s.JwtAuthenticationFilter - Authentication skipped for internal endpoint, uri=/api/v1/admin/internal/notification-recipients
2026-09-18 11:17:15 DEBUG c.s.c.s.JwtAuthenticationFilter - Authentication skipped for internal endpoint, uri=/api/v1/admin/internal/notification-recipients
2026-09-18 11:17:45 DEBUG c.s.c.s.JwtAuthenticationFilter - Authentication skipped for internal endpoint, uri=/api/v1/admin/internal/notification-recipients
2026-09-18 11:17:45 DEBUG c.s.c.s.JwtAuthenticationFilter - Authentication successful, userId=1, uri=/api/v1/admin/rule-category/list
2026-09-18 11:17:45 WARN  c.s.c.e.GlobalExceptionHandler - Endpoint not found exception handled: No static resource api/v1/admin/rule-category/list.
2026-09-18 11:17:45 DEBUG c.s.c.s.JwtAuthenticationFilter - Authentication successful, userId=1, uri=/api/v1/admin/rule-category/list
2026-09-18 11:17:45 WARN  c.s.c.e.GlobalExceptionHandler - Endpoint not found exception handled: No static resource api/v1/admin/rule-category/list.
2026-09-18 11:17:45 DEBUG c.s.c.s.JwtAuthenticationFilter - Authentication successful, userId=1, uri=/api/v1/rule-category/list
2026-09-18 11:17:46 DEBUG c.s.c.s.JwtAuthenticationFilter - Authentication successful, userId=1, uri=/api/v1/rule-category/list
2026-09-18 11:17:56 DEBUG c.s.c.s.JwtAuthenticationFilter - Authentication skipped for internal endpoint, uri=/api/v1/internal/rule-cache/active-rules
2026-09-18 11:17:56 DEBUG c.s.c.s.JwtAuthenticationFilter - Authentication skipped for internal endpoint, uri=/api/v1/internal/rule-cache/active-decision-policy
2026-09-18 11:17:56 DEBUG c.s.c.s.JwtAuthenticationFilter - Authentication skipped for internal endpoint, uri=/api/v1/internal/rule-cache/active-blacklist-entries
2026-09-18 11:18:15 DEBUG c.s.c.s.JwtAuthenticationFilter - Authentication skipped for internal endpoint, uri=/api/v1/admin/internal/notification-recipients
2026-09-18 11:18:45 DEBUG c.s.c.s.JwtAuthenticationFilter - Authentication skipped for internal endpoint, uri=/api/v1/admin/internal/notification-recipients
2026-09-18 11:19:15 DEBUG c.s.c.s.JwtAuthenticationFilter - Authentication skipped for internal endpoint, uri=/api/v1/admin/internal/notification-recipients
2026-09-18 11:19:45 DEBUG c.s.c.s.JwtAuthenticationFilter - Authentication skipped for internal endpoint, uri=/api/v1/admin/internal/notification-recipients
2026-09-18 11:20:15 DEBUG c.s.c.s.JwtAuthenticationFilter - Authentication skipped for internal endpoint, uri=/api/v1/admin/internal/notification-recipients
2026-09-18 11:20:45 DEBUG c.s.c.s.JwtAuthenticationFilter - Authentication skipped for internal endpoint, uri=/api/v1/admin/internal/notification-recipients
2026-09-18 11:20:48 DEBUG c.s.c.s.JwtAuthenticationFilter - Authentication successful, userId=1, uri=/api/v1/decision-policy/latest
2026-09-18 11:20:49 DEBUG c.s.c.s.JwtAuthenticationFilter - Authentication successful, userId=1, uri=/api/v1/decision-policy/latest
2026-09-18 11:21:15 DEBUG c.s.c.s.JwtAuthenticationFilter - Authentication skipped for internal endpoint, uri=/api/v1/admin/internal/notification-recipients
2026-09-18 11:21:45 DEBUG c.s.c.s.JwtAuthenticationFilter - Authentication skipped for internal endpoint, uri=/api/v1/admin/internal/notification-recipients
2026-09-18 11:22:15 DEBUG c.s.c.s.JwtAuthenticationFilter - Authentication skipped for internal endpoint, uri=/api/v1/admin/internal/notification-recipients
2026-09-18 11:22:45 DEBUG c.s.c.s.JwtAuthenticationFilter - Authentication skipped for internal endpoint, uri=/api/v1/admin/internal/notification-recipients
2026-09-18 11:22:56 DEBUG c.s.c.s.JwtAuthenticationFilter - Authentication skipped for internal endpoint, uri=/api/v1/internal/rule-cache/active-rules
2026-09-18 11:22:56 DEBUG c.s.c.s.JwtAuthenticationFilter - Authentication skipped for internal endpoint, uri=/api/v1/internal/rule-cache/active-decision-policy
2026-09-18 11:22:56 DEBUG c.s.c.s.JwtAuthenticationFilter - Authentication skipped for internal endpoint, uri=/api/v1/internal/rule-cache/active-blacklist-entries
2026-09-18 11:23:15 DEBUG c.s.c.s.JwtAuthenticationFilter - Authentication skipped for internal endpoint, uri=/api/v1/admin/internal/notification-recipients
2026-09-18 11:23:45 DEBUG c.s.c.s.JwtAuthenticationFilter - Authentication skipped for internal endpoint, uri=/api/v1/admin/internal/notification-recipients
2026-09-18 11:24:15 DEBUG c.s.c.s.JwtAuthenticationFilter - Authentication skipped for internal endpoint, uri=/api/v1/admin/internal/notification-recipients
2026-09-18 11:24:38 DEBUG c.s.c.s.JwtAuthenticationFilter - Authentication successful, userId=1, uri=/api/v1/decision-policy/latest
2026-09-18 11:24:38 DEBUG c.s.c.s.JwtAuthenticationFilter - Authentication successful, userId=1, uri=/api/v1/decision-policy/latest
2026-09-18 11:24:45 DEBUG c.s.c.s.JwtAuthenticationFilter - Authentication skipped for internal endpoint, uri=/api/v1/admin/internal/notification-recipients
2026-09-18 11:25:15 DEBUG c.s.c.s.JwtAuthenticationFilter - Authentication skipped for internal endpoint, uri=/api/v1/admin/internal/notification-recipients
2026-09-18 11:25:19 DEBUG c.s.c.s.JwtAuthenticationFilter - Authentication successful, userId=1, uri=/api/v1/access/get-access-list
2026-09-18 11:25:19 INFO  c.s.a.controller.AccessController - Fetch all access request received, page=1, size=10
2026-09-18 11:25:19 INFO  c.s.access.service.AccessServiceImpl - Fetch all access service started, page=1, size=10
2026-09-18 11:25:19 INFO  c.s.access.service.AccessServiceImpl - Access list fetched successfully, count=10
2026-09-18 11:25:19 INFO  c.s.a.controller.AccessController - Access list fetched successfully, count=10
2026-09-18 11:25:19 DEBUG c.s.c.s.JwtAuthenticationFilter - Authentication successful, userId=1, uri=/api/v1/admin/roles
2026-09-18 11:25:19 DEBUG c.s.c.s.JwtAuthenticationFilter - Authentication successful, userId=1, uri=/api/v1/access/get-access-list
2026-09-18 11:25:19 INFO  c.s.a.controller.AccessController - Fetch all access request received, page=1, size=10
2026-09-18 11:25:19 INFO  c.s.access.service.AccessServiceImpl - Fetch all access service started, page=1, size=10
2026-09-18 11:25:19 INFO  c.s.access.service.AccessServiceImpl - Access list fetched successfully, count=10
2026-09-18 11:25:19 INFO  c.s.a.controller.AccessController - Access list fetched successfully, count=10
2026-09-18 11:25:19 INFO  c.s.r.c.RoleMasterController - Roles fetched successfully, totalElements=13
2026-09-18 11:25:19 DEBUG c.s.c.s.JwtAuthenticationFilter - Authentication successful, userId=1, uri=/api/v1/admin/roles
2026-09-18 11:25:19 INFO  c.s.r.c.RoleMasterController - Roles fetched successfully, totalElements=13
2026-09-18 11:25:45 DEBUG c.s.c.s.JwtAuthenticationFilter - Authentication skipped for internal endpoint, uri=/api/v1/admin/internal/notification-recipients
2026-09-18 11:26:15 DEBUG c.s.c.s.JwtAuthenticationFilter - Authentication skipped for internal endpoint, uri=/api/v1/admin/internal/notification-recipients
2026-09-18 11:26:45 DEBUG c.s.c.s.JwtAuthenticationFilter - Authentication skipped for internal endpoint, uri=/api/v1/admin/internal/notification-recipients
2026-09-18 11:27:15 DEBUG c.s.c.s.JwtAuthenticationFilter - Authentication skipped for internal endpoint, uri=/api/v1/admin/internal/notification-recipients
2026-09-18 11:27:45 DEBUG c.s.c.s.JwtAuthenticationFilter - Authentication skipped for internal endpoint, uri=/api/v1/admin/internal/notification-recipients
2026-09-18 11:27:56 DEBUG c.s.c.s.JwtAuthenticationFilter - Authentication skipped for internal endpoint, uri=/api/v1/internal/rule-cache/active-rules
2026-09-18 11:27:56 DEBUG c.s.c.s.JwtAuthenticationFilter - Authentication skipped for internal endpoint, uri=/api/v1/internal/rule-cache/active-decision-policy
2026-09-18 11:27:56 DEBUG c.s.c.s.JwtAuthenticationFilter - Authentication skipped for internal endpoint, uri=/api/v1/internal/rule-cache/active-blacklist-entries
2026-09-18 11:28:15 DEBUG c.s.c.s.JwtAuthenticationFilter - Authentication skipped for internal endpoint, uri=/api/v1/admin/internal/notification-recipients
2026-09-18 11:28:26 DEBUG c.s.c.s.JwtAuthenticationFilter - Authentication successful, userId=1, uri=/api/v1/role-access/1
2026-09-18 11:28:45 DEBUG c.s.c.s.JwtAuthenticationFilter - Authentication skipped for internal endpoint, uri=/api/v1/admin/internal/notification-recipients
2026-09-18 11:29:15 DEBUG c.s.c.s.JwtAuthenticationFilter - Authentication skipped for internal endpoint, uri=/api/v1/admin/internal/notification-recipients
2026-09-18 11:29:45 DEBUG c.s.c.s.JwtAuthenticationFilter - Authentication skipped for internal endpoint, uri=/api/v1/admin/internal/notification-recipients
2026-09-18 11:30:15 DEBUG c.s.c.s.JwtAuthenticationFilter - Authentication skipped for internal endpoint, uri=/api/v1/admin/internal/notification-recipients
2026-09-18 11:30:45 DEBUG c.s.c.s.JwtAuthenticationFilter - Authentication skipped for internal endpoint, uri=/api/v1/admin/internal/notification-recipients
2026-09-18 11:31:15 DEBUG c.s.c.s.JwtAuthenticationFilter - Authentication skipped for internal endpoint, uri=/api/v1/admin/internal/notification-recipients
2026-09-18 11:31:45 DEBUG c.s.c.s.JwtAuthenticationFilter - Authentication skipped for internal endpoint, uri=/api/v1/admin/internal/notification-recipients
2026-09-18 11:32:16 DEBUG c.s.c.s.JwtAuthenticationFilter - Authentication skipped for internal endpoint, uri=/api/v1/admin/internal/notification-recipients
2026-09-18 11:32:46 DEBUG c.s.c.s.JwtAuthenticationFilter - Authentication skipped for internal endpoint, uri=/api/v1/admin/internal/notification-recipients
2026-09-18 11:32:56 DEBUG c.s.c.s.JwtAuthenticationFilter - Authentication skipped for internal endpoint, uri=/api/v1/internal/rule-cache/active-rules
2026-09-18 11:32:56 DEBUG c.s.c.s.JwtAuthenticationFilter - Authentication skipped for internal endpoint, uri=/api/v1/internal/rule-cache/active-decision-policy
2026-09-18 11:32:56 DEBUG c.s.c.s.JwtAuthenticationFilter - Authentication skipped for internal endpoint, uri=/api/v1/internal/rule-cache/active-blacklist-entries
2026-09-18 11:33:16 DEBUG c.s.c.s.JwtAuthenticationFilter - Authentication skipped for internal endpoint, uri=/api/v1/admin/internal/notification-recipients
2026-09-18 11:33:46 DEBUG c.s.c.s.JwtAuthenticationFilter - Authentication skipped for internal endpoint, uri=/api/v1/admin/internal/notification-recipients
2026-09-18 11:34:16 DEBUG c.s.c.s.JwtAuthenticationFilter - Authentication skipped for internal endpoint, uri=/api/v1/admin/internal/notification-recipients
2026-09-18 11:34:18 DEBUG c.s.c.s.JwtAuthenticationFilter - Authentication successful, userId=1, uri=/api/v1/access/get-access-list
2026-09-18 11:34:18 INFO  c.s.a.controller.AccessController - Fetch all access request received, page=0, size=20
2026-09-18 11:34:18 INFO  c.s.access.service.AccessServiceImpl - Fetch all access service started, page=0, size=20
2026-09-18 11:34:18 INFO  c.s.access.service.AccessServiceImpl - Access list fetched successfully, count=20
2026-09-18 11:34:18 INFO  c.s.a.controller.AccessController - Access list fetched successfully, count=20
2026-09-18 11:34:46 DEBUG c.s.c.s.JwtAuthenticationFilter - Authentication skipped for internal endpoint, uri=/api/v1/admin/internal/notification-recipients
2026-09-18 11:35:16 DEBUG c.s.c.s.JwtAuthenticationFilter - Authentication skipped for internal endpoint, uri=/api/v1/admin/internal/notification-recipients
2026-09-18 11:35:46 DEBUG c.s.c.s.JwtAuthenticationFilter - Authentication skipped for internal endpoint, uri=/api/v1/admin/internal/notification-recipients
2026-09-18 11:36:06 DEBUG c.s.c.s.JwtAuthenticationFilter - Authentication successful, userId=1, uri=/api/v1/admin/roles
2026-09-18 11:36:06 DEBUG c.s.c.s.JwtAuthenticationFilter - Authentication successful, userId=1, uri=/api/v1/access/get-access-list
2026-09-18 11:36:06 INFO  c.s.a.controller.AccessController - Fetch all access request received, page=1, size=10
2026-09-18 11:36:06 INFO  c.s.access.service.AccessServiceImpl - Fetch all access service started, page=1, size=10
2026-09-18 11:36:06 INFO  c.s.r.c.RoleMasterController - Roles fetched successfully, totalElements=13
2026-09-18 11:36:06 INFO  c.s.access.service.AccessServiceImpl - Access list fetched successfully, count=10
2026-09-18 11:36:06 INFO  c.s.a.controller.AccessController - Access list fetched successfully, count=10
2026-09-18 11:36:06 DEBUG c.s.c.s.JwtAuthenticationFilter - Authentication successful, userId=1, uri=/api/v1/admin/roles
2026-09-18 11:36:06 DEBUG c.s.c.s.JwtAuthenticationFilter - Authentication successful, userId=1, uri=/api/v1/access/get-access-list
2026-09-18 11:36:06 INFO  c.s.a.controller.AccessController - Fetch all access request received, page=1, size=10
2026-09-18 11:36:06 INFO  c.s.access.service.AccessServiceImpl - Fetch all access service started, page=1, size=10
2026-09-18 11:36:06 INFO  c.s.r.c.RoleMasterController - Roles fetched successfully, totalElements=13
2026-09-18 11:36:06 INFO  c.s.access.service.AccessServiceImpl - Access list fetched successfully, count=10
2026-09-18 11:36:06 INFO  c.s.a.controller.AccessController - Access list fetched successfully, count=10
2026-09-18 11:36:16 DEBUG c.s.c.s.JwtAuthenticationFilter - Authentication skipped for internal endpoint, uri=/api/v1/admin/internal/notification-recipients
2026-09-18 11:36:46 DEBUG c.s.c.s.JwtAuthenticationFilter - Authentication skipped for internal endpoint, uri=/api/v1/admin/internal/notification-recipients
2026-09-18 11:37:16 DEBUG c.s.c.s.JwtAuthenticationFilter - Authentication skipped for internal endpoint, uri=/api/v1/admin/internal/notification-recipients
2026-09-18 11:37:46 DEBUG c.s.c.s.JwtAuthenticationFilter - Authentication skipped for internal endpoint, uri=/api/v1/admin/internal/notification-recipients
2026-09-18 11:37:56 DEBUG c.s.c.s.JwtAuthenticationFilter - Authentication skipped for internal endpoint, uri=/api/v1/internal/rule-cache/active-rules
2026-09-18 11:37:56 DEBUG c.s.c.s.JwtAuthenticationFilter - Authentication skipped for internal endpoint, uri=/api/v1/internal/rule-cache/active-decision-policy
2026-09-18 11:37:56 DEBUG c.s.c.s.JwtAuthenticationFilter - Authentication skipped for internal endpoint, uri=/api/v1/internal/rule-cache/active-blacklist-entries
2026-09-18 11:38:16 DEBUG c.s.c.s.JwtAuthenticationFilter - Authentication skipped for internal endpoint, uri=/api/v1/admin/internal/notification-recipients
2026-09-18 11:38:46 DEBUG c.s.c.s.JwtAuthenticationFilter - Authentication skipped for internal endpoint, uri=/api/v1/admin/internal/notification-recipients
2026-09-18 11:39:16 DEBUG c.s.c.s.JwtAuthenticationFilter - Authentication skipped for internal endpoint, uri=/api/v1/admin/internal/notification-recipients
2026-09-18 11:39:46 DEBUG c.s.c.s.JwtAuthenticationFilter - Authentication skipped for internal endpoint, uri=/api/v1/admin/internal/notification-recipients
2026-09-18 11:40:16 DEBUG c.s.c.s.JwtAuthenticationFilter - Authentication skipped for internal endpoint, uri=/api/v1/admin/internal/notification-recipients
2026-09-18 11:40:46 DEBUG c.s.c.s.JwtAuthenticationFilter - Authentication skipped for internal endpoint, uri=/api/v1/admin/internal/notification-recipients
2026-09-18 11:41:16 DEBUG c.s.c.s.JwtAuthenticationFilter - Authentication skipped for internal endpoint, uri=/api/v1/admin/internal/notification-recipients
2026-09-18 11:41:46 DEBUG c.s.c.s.JwtAuthenticationFilter - Authentication skipped for internal endpoint, uri=/api/v1/admin/internal/notification-recipients
2026-09-18 11:42:16 DEBUG c.s.c.s.JwtAuthenticationFilter - Authentication skipped for internal endpoint, uri=/api/v1/admin/internal/notification-recipients
2026-09-18 11:42:46 DEBUG c.s.c.s.JwtAuthenticationFilter - Authentication skipped for internal endpoint, uri=/api/v1/admin/internal/notification-recipients
2026-09-18 11:42:56 DEBUG c.s.c.s.JwtAuthenticationFilter - Authentication skipped for internal endpoint, uri=/api/v1/internal/rule-cache/active-rules
2026-09-18 11:42:56 DEBUG c.s.c.s.JwtAuthenticationFilter - Authentication skipped for internal endpoint, uri=/api/v1/internal/rule-cache/active-decision-policy
2026-09-18 11:42:56 DEBUG c.s.c.s.JwtAuthenticationFilter - Authentication skipped for internal endpoint, uri=/api/v1/internal/rule-cache/active-blacklist-entries
2026-09-18 11:43:16 DEBUG c.s.c.s.JwtAuthenticationFilter - Authentication skipped for internal endpoint, uri=/api/v1/admin/internal/notification-recipients
2026-09-18 11:43:46 DEBUG c.s.c.s.JwtAuthenticationFilter - Authentication skipped for internal endpoint, uri=/api/v1/admin/internal/notification-recipients
2026-09-18 11:44:16 DEBUG c.s.c.s.JwtAuthenticationFilter - Authentication skipped for internal endpoint, uri=/api/v1/admin/internal/notification-recipients
2026-09-18 11:44:46 DEBUG c.s.c.s.JwtAuthenticationFilter - Authentication skipped for internal endpoint, uri=/api/v1/admin/internal/notification-recipients
2026-09-18 11:45:16 DEBUG c.s.c.s.JwtAuthenticationFilter - Authentication skipped for internal endpoint, uri=/api/v1/admin/internal/notification-recipients
2026-09-18 11:45:46 DEBUG c.s.c.s.JwtAuthenticationFilter - Authentication skipped for internal endpoint, uri=/api/v1/admin/internal/notification-recipients
2026-09-18 11:46:16 DEBUG c.s.c.s.JwtAuthenticationFilter - Authentication skipped for internal endpoint, uri=/api/v1/admin/internal/notification-recipients
2026-09-18 11:46:46 DEBUG c.s.c.s.JwtAuthenticationFilter - Authentication skipped for internal endpoint, uri=/api/v1/admin/internal/notification-recipients
2026-09-18 11:47:16 DEBUG c.s.c.s.JwtAuthenticationFilter - Authentication skipped for internal endpoint, uri=/api/v1/admin/internal/notification-recipients
2026-09-18 11:47:46 DEBUG c.s.c.s.JwtAuthenticationFilter - Authentication skipped for internal endpoint, uri=/api/v1/admin/internal/notification-recipients
2026-09-18 11:47:56 DEBUG c.s.c.s.JwtAuthenticationFilter - Authentication skipped for internal endpoint, uri=/api/v1/internal/rule-cache/active-rules
2026-09-18 11:47:57 DEBUG c.s.c.s.JwtAuthenticationFilter - Authentication skipped for internal endpoint, uri=/api/v1/internal/rule-cache/active-decision-policy
2026-09-18 11:47:57 DEBUG c.s.c.s.JwtAuthenticationFilter - Authentication skipped for internal endpoint, uri=/api/v1/internal/rule-cache/active-blacklist-entries
2026-09-18 11:48:16 DEBUG c.s.c.s.JwtAuthenticationFilter - Authentication skipped for internal endpoint, uri=/api/v1/admin/internal/notification-recipients
2026-09-18 11:48:46 DEBUG c.s.c.s.JwtAuthenticationFilter - Authentication skipped for internal endpoint, uri=/api/v1/admin/internal/notification-recipients
2026-09-18 11:49:16 DEBUG c.s.c.s.JwtAuthenticationFilter - Authentication skipped for internal endpoint, uri=/api/v1/admin/internal/notification-recipients
2026-09-18 11:49:46 DEBUG c.s.c.s.JwtAuthenticationFilter - Authentication skipped for internal endpoint, uri=/api/v1/admin/internal/notification-recipients
2026-09-18 11:50:17 DEBUG c.s.c.s.JwtAuthenticationFilter - Authentication skipped for internal endpoint, uri=/api/v1/admin/internal/notification-recipients
2026-09-18 11:50:47 DEBUG c.s.c.s.JwtAuthenticationFilter - Authentication skipped for internal endpoint, uri=/api/v1/admin/internal/notification-recipients
2026-09-18 11:51:17 DEBUG c.s.c.s.JwtAuthenticationFilter - Authentication skipped for internal endpoint, uri=/api/v1/admin/internal/notification-recipients
2026-09-18 11:51:47 DEBUG c.s.c.s.JwtAuthenticationFilter - Authentication skipped for internal endpoint, uri=/api/v1/admin/internal/notification-recipients
2026-09-18 11:52:17 DEBUG c.s.c.s.JwtAuthenticationFilter - Authentication skipped for internal endpoint, uri=/api/v1/admin/internal/notification-recipients
2026-09-18 11:52:27 DEBUG c.s.c.s.JwtAuthenticationFilter - Authentication successful, userId=1, uri=/api/v1/admin/roles
2026-09-18 11:52:27 DEBUG c.s.c.s.JwtAuthenticationFilter - Authentication successful, userId=1, uri=/api/v1/admin/roles
2026-09-18 11:52:27 DEBUG c.s.c.s.JwtAuthenticationFilter - Authentication successful, userId=1, uri=/api/v1/access/get-all-access
2026-09-18 11:52:27 INFO  c.s.r.c.RoleMasterController - Roles fetched successfully, totalElements=13
2026-09-18 11:52:27 DEBUG c.s.c.s.JwtAuthenticationFilter - Authentication successful, userId=1, uri=/api/v1/access/get-all-access
2026-09-18 11:52:27 INFO  c.s.r.c.RoleMasterController - Roles fetched successfully, totalElements=13
2026-09-18 11:52:27 INFO  c.s.a.controller.AccessController - Fetch all access for dropdown request received
2026-09-18 11:52:27 INFO  c.s.a.controller.AccessController - Fetch all access for dropdown request received
2026-09-18 11:52:27 INFO  c.s.access.service.AccessServiceImpl - Fetch all access for dropdown service started
2026-09-18 11:52:27 INFO  c.s.access.service.AccessServiceImpl - Fetch all access for dropdown service started
2026-09-18 11:52:27 INFO  c.s.access.service.AccessServiceImpl - Access dropdown list fetched successfully, count=26
2026-09-18 11:52:27 INFO  c.s.access.service.AccessServiceImpl - Access dropdown list fetched successfully, count=26
2026-09-18 11:52:27 INFO  c.s.a.controller.AccessController - Access dropdown list fetched successfully, count=26
2026-09-18 11:52:27 INFO  c.s.a.controller.AccessController - Access dropdown list fetched successfully, count=26
2026-09-18 11:52:33 DEBUG c.s.c.s.JwtAuthenticationFilter - Authentication successful, userId=1, uri=/api/v1/role-access/1
2026-09-18 11:52:47 DEBUG c.s.c.s.JwtAuthenticationFilter - Authentication skipped for internal endpoint, uri=/api/v1/admin/internal/notification-recipients
2026-09-18 11:52:57 DEBUG c.s.c.s.JwtAuthenticationFilter - Authentication skipped for internal endpoint, uri=/api/v1/internal/rule-cache/active-rules
2026-09-18 11:52:57 DEBUG c.s.c.s.JwtAuthenticationFilter - Authentication skipped for internal endpoint, uri=/api/v1/internal/rule-cache/active-decision-policy
2026-09-18 11:52:57 DEBUG c.s.c.s.JwtAuthenticationFilter - Authentication skipped for internal endpoint, uri=/api/v1/internal/rule-cache/active-blacklist-entries
2026-09-18 11:53:17 DEBUG c.s.c.s.JwtAuthenticationFilter - Authentication skipped for internal endpoint, uri=/api/v1/admin/internal/notification-recipients
2026-09-18 11:53:47 DEBUG c.s.c.s.JwtAuthenticationFilter - Authentication skipped for internal endpoint, uri=/api/v1/admin/internal/notification-recipients
2026-09-18 11:54:17 DEBUG c.s.c.s.JwtAuthenticationFilter - Authentication skipped for internal endpoint, uri=/api/v1/admin/internal/notification-recipients
2026-09-18 11:54:47 DEBUG c.s.c.s.JwtAuthenticationFilter - Authentication skipped for internal endpoint, uri=/api/v1/admin/internal/notification-recipients
2026-09-18 11:55:17 DEBUG c.s.c.s.JwtAuthenticationFilter - Authentication skipped for internal endpoint, uri=/api/v1/admin/internal/notification-recipients
2026-09-18 11:55:47 DEBUG c.s.c.s.JwtAuthenticationFilter - Authentication skipped for internal endpoint, uri=/api/v1/admin/internal/notification-recipients
2026-09-18 11:56:13 DEBUG c.s.c.s.JwtAuthenticationFilter - Authentication successful, userId=1, uri=/api/v1/role-access/1
2026-09-18 11:56:17 DEBUG c.s.c.s.JwtAuthenticationFilter - Authentication skipped for internal endpoint, uri=/api/v1/admin/internal/notification-recipients
2026-09-18 11:56:47 DEBUG c.s.c.s.JwtAuthenticationFilter - Authentication skipped for internal endpoint, uri=/api/v1/admin/internal/notification-recipients
2026-09-18 11:57:17 DEBUG c.s.c.s.JwtAuthenticationFilter - Authentication skipped for internal endpoint, uri=/api/v1/admin/internal/notification-recipients
2026-09-18 11:57:47 DEBUG c.s.c.s.JwtAuthenticationFilter - Authentication skipped for internal endpoint, uri=/api/v1/admin/internal/notification-recipients
2026-09-18 11:57:57 DEBUG c.s.c.s.JwtAuthenticationFilter - Authentication skipped for internal endpoint, uri=/api/v1/internal/rule-cache/active-rules
2026-09-18 11:57:57 DEBUG c.s.c.s.JwtAuthenticationFilter - Authentication skipped for internal endpoint, uri=/api/v1/internal/rule-cache/active-decision-policy
2026-09-18 11:57:57 DEBUG c.s.c.s.JwtAuthenticationFilter - Authentication skipped for internal endpoint, uri=/api/v1/internal/rule-cache/active-blacklist-entries
2026-09-18 11:58:17 DEBUG c.s.c.s.JwtAuthenticationFilter - Authentication skipped for internal endpoint, uri=/api/v1/admin/internal/notification-recipients
2026-09-18 11:58:47 DEBUG c.s.c.s.JwtAuthenticationFilter - Authentication skipped for internal endpoint, uri=/api/v1/admin/internal/notification-recipients
2026-09-18 11:59:17 DEBUG c.s.c.s.JwtAuthenticationFilter - Authentication skipped for internal endpoint, uri=/api/v1/admin/internal/notification-recipients
2026-09-18 11:59:47 DEBUG c.s.c.s.JwtAuthenticationFilter - Authentication skipped for internal endpoint, uri=/api/v1/admin/internal/notification-recipients
2026-09-18 12:00:17 DEBUG c.s.c.s.JwtAuthenticationFilter - Authentication skipped for internal endpoint, uri=/api/v1/admin/internal/notification-recipients
2026-09-18 12:00:47 DEBUG c.s.c.s.JwtAuthenticationFilter - Authentication skipped for internal endpoint, uri=/api/v1/admin/internal/notification-recipients
2026-09-18 12:01:17 DEBUG c.s.c.s.JwtAuthenticationFilter - Authentication skipped for internal endpoint, uri=/api/v1/admin/internal/notification-recipients
2026-09-18 12:01:47 DEBUG c.s.c.s.JwtAuthenticationFilter - Authentication skipped for internal endpoint, uri=/api/v1/admin/internal/notification-recipients
2026-09-18 12:02:17 DEBUG c.s.c.s.JwtAuthenticationFilter - Authentication skipped for internal endpoint, uri=/api/v1/admin/internal/notification-recipients
2026-09-18 12:02:47 DEBUG c.s.c.s.JwtAuthenticationFilter - Authentication skipped for internal endpoint, uri=/api/v1/admin/internal/notification-recipients
2026-09-18 12:02:57 DEBUG c.s.c.s.JwtAuthenticationFilter - Authentication skipped for internal endpoint, uri=/api/v1/internal/rule-cache/active-rules
2026-09-18 12:02:57 DEBUG c.s.c.s.JwtAuthenticationFilter - Authentication skipped for internal endpoint, uri=/api/v1/internal/rule-cache/active-decision-policy
2026-09-18 12:02:57 DEBUG c.s.c.s.JwtAuthenticationFilter - Authentication skipped for internal endpoint, uri=/api/v1/internal/rule-cache/active-blacklist-entries
2026-09-18 12:03:17 DEBUG c.s.c.s.JwtAuthenticationFilter - Authentication skipped for internal endpoint, uri=/api/v1/admin/internal/notification-recipients
2026-09-18 12:03:47 DEBUG c.s.c.s.JwtAuthenticationFilter - Authentication skipped for internal endpoint, uri=/api/v1/admin/internal/notification-recipients
2026-09-18 12:04:17 DEBUG c.s.c.s.JwtAuthenticationFilter - Authentication skipped for internal endpoint, uri=/api/v1/admin/internal/notification-recipients
2026-09-18 12:04:47 DEBUG c.s.c.s.JwtAuthenticationFilter - Authentication skipped for internal endpoint, uri=/api/v1/admin/internal/notification-recipients
2026-09-18 12:05:17 DEBUG c.s.c.s.JwtAuthenticationFilter - Authentication skipped for internal endpoint, uri=/api/v1/admin/internal/notification-recipients
2026-09-18 12:05:47 DEBUG c.s.c.s.JwtAuthenticationFilter - Authentication skipped for internal endpoint, uri=/api/v1/admin/internal/notification-recipients
2026-09-18 12:06:17 DEBUG c.s.c.s.JwtAuthenticationFilter - Authentication skipped for internal endpoint, uri=/api/v1/admin/internal/notification-recipients
2026-09-18 12:06:47 DEBUG c.s.c.s.JwtAuthenticationFilter - Authentication skipped for internal endpoint, uri=/api/v1/admin/internal/notification-recipients
2026-09-18 12:07:10 DEBUG c.s.c.s.JwtAuthenticationFilter - Authentication successful, userId=1, uri=/api/v1/role-access
2026-09-18 12:07:10 WARN  c.s.c.e.GlobalExceptionHandler - Invalid request exception handled: Role access already exists for access ids: [1, 6, 24, 26, 25, 23, 3, 7, 9, 8, 10, 4, 11, 13, 12, 14, 15, 17, 16, 18, 21, 2]
2026-09-18 12:07:17 DEBUG c.s.c.s.JwtAuthenticationFilter - Authentication skipped for internal endpoint, uri=/api/v1/admin/internal/notification-recipients
2026-09-18 12:07:47 DEBUG c.s.c.s.JwtAuthenticationFilter - Authentication skipped for internal endpoint, uri=/api/v1/admin/internal/notification-recipients
2026-09-18 12:07:57 DEBUG c.s.c.s.JwtAuthenticationFilter - Authentication skipped for internal endpoint, uri=/api/v1/internal/rule-cache/active-rules
2026-09-18 12:07:57 DEBUG c.s.c.s.JwtAuthenticationFilter - Authentication skipped for internal endpoint, uri=/api/v1/internal/rule-cache/active-decision-policy
2026-09-18 12:07:57 DEBUG c.s.c.s.JwtAuthenticationFilter - Authentication skipped for internal endpoint, uri=/api/v1/internal/rule-cache/active-blacklist-entries
2026-09-18 12:08:17 DEBUG c.s.c.s.JwtAuthenticationFilter - Authentication skipped for internal endpoint, uri=/api/v1/admin/internal/notification-recipients
2026-09-18 12:08:47 DEBUG c.s.c.s.JwtAuthenticationFilter - Authentication skipped for internal endpoint, uri=/api/v1/admin/internal/notification-recipients
2026-09-18 12:09:17 DEBUG c.s.c.s.JwtAuthenticationFilter - Authentication skipped for internal endpoint, uri=/api/v1/admin/internal/notification-recipients
2026-09-18 12:09:47 DEBUG c.s.c.s.JwtAuthenticationFilter - Authentication skipped for internal endpoint, uri=/api/v1/admin/internal/notification-recipients
2026-09-18 12:10:17 DEBUG c.s.c.s.JwtAuthenticationFilter - Authentication skipped for internal endpoint, uri=/api/v1/admin/internal/notification-recipients
2026-09-18 12:10:47 DEBUG c.s.c.s.JwtAuthenticationFilter - Authentication skipped for internal endpoint, uri=/api/v1/admin/internal/notification-recipients
2026-09-18 12:11:17 DEBUG c.s.c.s.JwtAuthenticationFilter - Authentication skipped for internal endpoint, uri=/api/v1/admin/internal/notification-recipients
2026-09-18 12:11:47 DEBUG c.s.c.s.JwtAuthenticationFilter - Authentication skipped for internal endpoint, uri=/api/v1/admin/internal/notification-recipients
2026-09-18 12:12:17 DEBUG c.s.c.s.JwtAuthenticationFilter - Authentication skipped for internal endpoint, uri=/api/v1/admin/internal/notification-recipients
2026-09-18 12:12:47 DEBUG c.s.c.s.JwtAuthenticationFilter - Authentication skipped for internal endpoint, uri=/api/v1/admin/internal/notification-recipients
2026-09-18 12:12:57 DEBUG c.s.c.s.JwtAuthenticationFilter - Authentication skipped for internal endpoint, uri=/api/v1/internal/rule-cache/active-rules
2026-09-18 12:12:57 DEBUG c.s.c.s.JwtAuthenticationFilter - Authentication skipped for internal endpoint, uri=/api/v1/internal/rule-cache/active-decision-policy
2026-09-18 12:12:57 DEBUG c.s.c.s.JwtAuthenticationFilter - Authentication skipped for internal endpoint, uri=/api/v1/internal/rule-cache/active-blacklist-entries
2026-09-18 12:13:17 DEBUG c.s.c.s.JwtAuthenticationFilter - Authentication skipped for internal endpoint, uri=/api/v1/admin/internal/notification-recipients
2026-09-18 12:13:47 DEBUG c.s.c.s.JwtAuthenticationFilter - Authentication skipped for internal endpoint, uri=/api/v1/admin/internal/notification-recipients
2026-09-18 12:14:17 DEBUG c.s.c.s.JwtAuthenticationFilter - Authentication skipped for internal endpoint, uri=/api/v1/admin/internal/notification-recipients
2026-09-18 12:14:47 DEBUG c.s.c.s.JwtAuthenticationFilter - Authentication skipped for internal endpoint, uri=/api/v1/admin/internal/notification-recipients
2026-09-18 12:15:17 DEBUG c.s.c.s.JwtAuthenticationFilter - Authentication skipped for internal endpoint, uri=/api/v1/admin/internal/notification-recipients
2026-09-18 12:15:47 DEBUG c.s.c.s.JwtAuthenticationFilter - Authentication skipped for internal endpoint, uri=/api/v1/admin/internal/notification-recipients
2026-09-18 12:16:09 DEBUG c.s.c.s.JwtAuthenticationFilter - Authentication successful, userId=1, uri=/api/v1/role-access
2026-09-18 12:16:09 WARN  c.s.c.e.GlobalExceptionHandler - Invalid request exception handled: Role access already exists for access ids: [1, 6, 24, 26, 25, 23, 3, 7, 9, 8, 10, 4, 11, 13, 12, 14, 15, 17, 16, 18, 21, 2]
2026-09-18 12:16:17 DEBUG c.s.c.s.JwtAuthenticationFilter - Authentication skipped for internal endpoint, uri=/api/v1/admin/internal/notification-recipients
2026-09-18 12:16:28 INFO  o.s.b.w.e.tomcat.GracefulShutdown - Commencing graceful shutdown. Waiting for active requests to complete
2026-09-18 12:16:29 INFO  o.s.b.w.e.tomcat.GracefulShutdown - Graceful shutdown complete
2026-09-18 12:16:29 INFO  o.s.o.j.LocalContainerEntityManagerFactoryBean - Closing JPA EntityManagerFactory for persistence unit 'default'
2026-09-18 12:16:29 INFO  com.zaxxer.hikari.HikariDataSource - HikariPool-1 - Shutdown initiated...
2026-09-18 12:16:29 INFO  com.zaxxer.hikari.HikariDataSource - HikariPool-1 - Shutdown completed.
2026-09-18 12:16:41 INFO  com.se_frms.FrmsApplication - Starting FrmsApplication using Java 17.0.19 with PID 16740 (D:\Backend-Frms\se_frms_backend\target\classes started by hp in D:\Backend-FRMS\se_frms_backend)
2026-09-18 12:16:41 DEBUG com.se_frms.FrmsApplication - Running with Spring Boot v3.4.2, Spring v6.2.2
2026-09-18 12:16:41 INFO  com.se_frms.FrmsApplication - The following 1 profile is active: "dev"
2026-09-18 12:16:42 INFO  o.s.d.r.c.RepositoryConfigurationDelegate - Bootstrapping Spring Data JPA repositories in DEFAULT mode.
2026-09-18 12:16:42 INFO  o.s.d.r.c.RepositoryConfigurationDelegate - Finished Spring Data repository scanning in 117 ms. Found 19 JPA repository interfaces.
2026-09-18 12:16:43 INFO  o.s.b.w.e.tomcat.TomcatWebServer - Tomcat initialized with port 8080 (http)
2026-09-18 12:16:43 INFO  o.a.catalina.core.StandardService - Starting service [Tomcat]
2026-09-18 12:16:43 INFO  o.a.catalina.core.StandardEngine - Starting Servlet engine: [Apache Tomcat/10.1.34]
2026-09-18 12:16:43 INFO  o.a.c.c.C.[Tomcat].[localhost].[/] - Initializing Spring embedded WebApplicationContext
2026-09-18 12:16:43 INFO  o.s.b.w.s.c.ServletWebServerApplicationContext - Root WebApplicationContext: initialization completed in 1630 ms
2026-09-18 12:16:43 INFO  o.h.jpa.internal.util.LogHelper - HHH000204: Processing PersistenceUnitInfo [name: default]
2026-09-18 12:16:43 INFO  org.hibernate.Version - HHH000412: Hibernate ORM core version 6.6.5.Final
2026-09-18 12:16:43 INFO  o.h.c.i.RegionFactoryInitiator - HHH000026: Second-level cache disabled
2026-09-18 12:16:43 INFO  o.s.o.j.p.SpringPersistenceUnitInfo - No LoadTimeWeaver setup: ignoring JPA class transformer
2026-09-18 12:16:43 INFO  com.zaxxer.hikari.HikariDataSource - HikariPool-1 - Starting...
2026-09-18 12:16:44 INFO  com.zaxxer.hikari.pool.HikariPool - HikariPool-1 - Added connection org.postgresql.jdbc.PgConnection@995ad50
2026-09-18 12:16:44 INFO  com.zaxxer.hikari.HikariDataSource - HikariPool-1 - Start completed.
2026-09-18 12:16:44 WARN  org.hibernate.orm.deprecation - HHH90000025: PostgreSQLDialect does not need to be specified explicitly using 'hibernate.dialect' (remove the property setting and it will be selected by default)
2026-09-18 12:16:44 INFO  o.hibernate.orm.connections.pooling - HHH10001005: Database info:
	Database JDBC URL [Connecting through datasource 'HikariDataSource (HikariPool-1)']
	Database driver: undefined/unknown
	Database version: 16.14
	Autocommit mode: undefined/unknown
	Isolation level: undefined/unknown
	Minimum pool size: undefined/unknown
	Maximum pool size: undefined/unknown
2026-09-18 12:16:45 INFO  o.h.e.t.j.p.i.JtaPlatformInitiator - HHH000489: No JTA platform available (set 'hibernate.transaction.jta.platform' to enable JTA platform integration)
2026-09-18 12:16:46 INFO  o.s.o.j.LocalContainerEntityManagerFactoryBean - Initialized JPA EntityManagerFactory for persistence unit 'default'
2026-09-18 12:16:46 DEBUG c.s.c.s.JwtAuthenticationFilter - Filter 'jwtAuthenticationFilter' configured for use
2026-09-18 12:16:46 INFO  o.s.d.j.r.query.QueryEnhancerFactory - Hibernate is in classpath; If applicable, HQL parser will be used.
2026-09-18 12:16:47 WARN  o.s.b.a.o.j.JpaBaseConfiguration$JpaWebConfiguration - spring.jpa.open-in-view is enabled by default. Therefore, database queries may be performed during view rendering. Explicitly configure spring.jpa.open-in-view to disable this warning
2026-09-18 12:16:47 INFO  o.s.s.c.a.a.c.InitializeUserDetailsBeanManagerConfigurer$InitializeUserDetailsManagerConfigurer - Global AuthenticationManager configured with UserDetailsService bean with name customUserDetailsService
2026-09-18 12:16:48 INFO  o.s.b.w.e.tomcat.TomcatWebServer - Tomcat started on port 8080 (http) with context path '/'
2026-09-18 12:16:48 INFO  com.se_frms.FrmsApplication - Started FrmsApplication in 6.95 seconds (process running for 7.993)
2026-09-18 12:17:18 INFO  o.a.c.c.C.[Tomcat].[localhost].[/] - Initializing Spring DispatcherServlet 'dispatcherServlet'
2026-09-18 12:17:18 INFO  o.s.web.servlet.DispatcherServlet - Initializing Servlet 'dispatcherServlet'
2026-09-18 12:17:18 INFO  o.s.web.servlet.DispatcherServlet - Completed initialization in 1 ms
2026-09-18 12:17:18 DEBUG c.s.c.s.JwtAuthenticationFilter - Authentication skipped for internal endpoint, uri=/api/v1/admin/internal/notification-recipients
2026-09-18 12:17:48 DEBUG c.s.c.s.JwtAuthenticationFilter - Authentication skipped for internal endpoint, uri=/api/v1/admin/internal/notification-recipients
2026-09-18 12:17:57 DEBUG c.s.c.s.JwtAuthenticationFilter - Authentication skipped for internal endpoint, uri=/api/v1/internal/rule-cache/active-rules
2026-09-18 12:17:57 DEBUG c.s.c.s.JwtAuthenticationFilter - Authentication skipped for internal endpoint, uri=/api/v1/internal/rule-cache/active-decision-policy
2026-09-18 12:17:57 DEBUG c.s.c.s.JwtAuthenticationFilter - Authentication skipped for internal endpoint, uri=/api/v1/internal/rule-cache/active-blacklist-entries
2026-09-18 12:18:18 DEBUG c.s.c.s.JwtAuthenticationFilter - Authentication skipped for internal endpoint, uri=/api/v1/admin/internal/notification-recipients
2026-09-18 12:18:48 DEBUG c.s.c.s.JwtAuthenticationFilter - Authentication skipped for internal endpoint, uri=/api/v1/admin/internal/notification-recipients
2026-09-18 12:19:18 DEBUG c.s.c.s.JwtAuthenticationFilter - Authentication skipped for internal endpoint, uri=/api/v1/admin/internal/notification-recipients
2026-09-18 12:19:48 DEBUG c.s.c.s.JwtAuthenticationFilter - Authentication skipped for internal endpoint, uri=/api/v1/admin/internal/notification-recipients
2026-09-18 12:20:18 DEBUG c.s.c.s.JwtAuthenticationFilter - Authentication skipped for internal endpoint, uri=/api/v1/admin/internal/notification-recipients
2026-09-18 12:20:48 DEBUG c.s.c.s.JwtAuthenticationFilter - Authentication skipped for internal endpoint, uri=/api/v1/admin/internal/notification-recipients
2026-09-18 12:21:18 DEBUG c.s.c.s.JwtAuthenticationFilter - Authentication skipped for internal endpoint, uri=/api/v1/admin/internal/notification-recipients
2026-09-18 12:21:48 DEBUG c.s.c.s.JwtAuthenticationFilter - Authentication skipped for internal endpoint, uri=/api/v1/admin/internal/notification-recipients
2026-09-18 12:22:18 DEBUG c.s.c.s.JwtAuthenticationFilter - Authentication skipped for internal endpoint, uri=/api/v1/admin/internal/notification-recipients
2026-09-18 12:22:48 DEBUG c.s.c.s.JwtAuthenticationFilter - Authentication skipped for internal endpoint, uri=/api/v1/admin/internal/notification-recipients
2026-09-18 12:22:57 DEBUG c.s.c.s.JwtAuthenticationFilter - Authentication skipped for internal endpoint, uri=/api/v1/internal/rule-cache/active-rules
2026-09-18 12:22:57 DEBUG c.s.c.s.JwtAuthenticationFilter - Authentication skipped for internal endpoint, uri=/api/v1/internal/rule-cache/active-decision-policy
2026-09-18 12:22:57 DEBUG c.s.c.s.JwtAuthenticationFilter - Authentication skipped for internal endpoint, uri=/api/v1/internal/rule-cache/active-blacklist-entries
2026-09-18 12:23:18 DEBUG c.s.c.s.JwtAuthenticationFilter - Authentication skipped for internal endpoint, uri=/api/v1/admin/internal/notification-recipients
2026-09-18 12:23:48 DEBUG c.s.c.s.JwtAuthenticationFilter - Authentication skipped for internal endpoint, uri=/api/v1/admin/internal/notification-recipients
2026-09-18 12:24:18 DEBUG c.s.c.s.JwtAuthenticationFilter - Authentication skipped for internal endpoint, uri=/api/v1/admin/internal/notification-recipients
2026-09-18 12:24:48 DEBUG c.s.c.s.JwtAuthenticationFilter - Authentication skipped for internal endpoint, uri=/api/v1/admin/internal/notification-recipients
2026-09-18 12:25:18 DEBUG c.s.c.s.JwtAuthenticationFilter - Authentication skipped for internal endpoint, uri=/api/v1/admin/internal/notification-recipients
2026-09-18 12:25:48 DEBUG c.s.c.s.JwtAuthenticationFilter - Authentication skipped for internal endpoint, uri=/api/v1/admin/internal/notification-recipients
2026-09-18 12:26:18 DEBUG c.s.c.s.JwtAuthenticationFilter - Authentication skipped for internal endpoint, uri=/api/v1/admin/internal/notification-recipients
2026-09-18 12:26:48 DEBUG c.s.c.s.JwtAuthenticationFilter - Authentication skipped for internal endpoint, uri=/api/v1/admin/internal/notification-recipients
2026-09-18 12:27:18 DEBUG c.s.c.s.JwtAuthenticationFilter - Authentication skipped for internal endpoint, uri=/api/v1/admin/internal/notification-recipients
2026-09-18 12:27:48 DEBUG c.s.c.s.JwtAuthenticationFilter - Authentication skipped for internal endpoint, uri=/api/v1/admin/internal/notification-recipients
2026-09-18 12:27:57 DEBUG c.s.c.s.JwtAuthenticationFilter - Authentication skipped for internal endpoint, uri=/api/v1/internal/rule-cache/active-rules
2026-09-18 12:27:57 DEBUG c.s.c.s.JwtAuthenticationFilter - Authentication skipped for internal endpoint, uri=/api/v1/internal/rule-cache/active-decision-policy
2026-09-18 12:27:57 DEBUG c.s.c.s.JwtAuthenticationFilter - Authentication skipped for internal endpoint, uri=/api/v1/internal/rule-cache/active-blacklist-entries
2026-09-18 12:28:18 DEBUG c.s.c.s.JwtAuthenticationFilter - Authentication skipped for internal endpoint, uri=/api/v1/admin/internal/notification-recipients
2026-09-18 12:28:48 DEBUG c.s.c.s.JwtAuthenticationFilter - Authentication skipped for internal endpoint, uri=/api/v1/admin/internal/notification-recipients
2026-09-18 12:29:18 DEBUG c.s.c.s.JwtAuthenticationFilter - Authentication skipped for internal endpoint, uri=/api/v1/admin/internal/notification-recipients
2026-09-18 12:29:48 DEBUG c.s.c.s.JwtAuthenticationFilter - Authentication skipped for internal endpoint, uri=/api/v1/admin/internal/notification-recipients
2026-09-18 12:30:18 DEBUG c.s.c.s.JwtAuthenticationFilter - Authentication skipped for internal endpoint, uri=/api/v1/admin/internal/notification-recipients
2026-09-18 12:30:48 DEBUG c.s.c.s.JwtAuthenticationFilter - Authentication skipped for internal endpoint, uri=/api/v1/admin/internal/notification-recipients
2026-09-18 12:31:19 DEBUG c.s.c.s.JwtAuthenticationFilter - Authentication skipped for internal endpoint, uri=/api/v1/admin/internal/notification-recipients
2026-09-18 12:31:49 DEBUG c.s.c.s.JwtAuthenticationFilter - Authentication skipped for internal endpoint, uri=/api/v1/admin/internal/notification-recipients
2026-09-18 12:32:19 DEBUG c.s.c.s.JwtAuthenticationFilter - Authentication skipped for internal endpoint, uri=/api/v1/admin/internal/notification-recipients
2026-09-18 12:32:49 DEBUG c.s.c.s.JwtAuthenticationFilter - Authentication skipped for internal endpoint, uri=/api/v1/admin/internal/notification-recipients
2026-09-18 12:32:57 DEBUG c.s.c.s.JwtAuthenticationFilter - Authentication skipped for internal endpoint, uri=/api/v1/internal/rule-cache/active-rules
2026-09-18 12:32:57 DEBUG c.s.c.s.JwtAuthenticationFilter - Authentication skipped for internal endpoint, uri=/api/v1/internal/rule-cache/active-decision-policy
2026-09-18 12:32:57 DEBUG c.s.c.s.JwtAuthenticationFilter - Authentication skipped for internal endpoint, uri=/api/v1/internal/rule-cache/active-blacklist-entries
2026-09-18 12:33:19 DEBUG c.s.c.s.JwtAuthenticationFilter - Authentication skipped for internal endpoint, uri=/api/v1/admin/internal/notification-recipients
2026-09-18 12:33:49 DEBUG c.s.c.s.JwtAuthenticationFilter - Authentication skipped for internal endpoint, uri=/api/v1/admin/internal/notification-recipients
2026-09-18 12:34:19 DEBUG c.s.c.s.JwtAuthenticationFilter - Authentication skipped for internal endpoint, uri=/api/v1/admin/internal/notification-recipients
2026-09-18 12:34:49 DEBUG c.s.c.s.JwtAuthenticationFilter - Authentication skipped for internal endpoint, uri=/api/v1/admin/internal/notification-recipients
2026-09-18 12:35:19 DEBUG c.s.c.s.JwtAuthenticationFilter - Authentication skipped for internal endpoint, uri=/api/v1/admin/internal/notification-recipients
2026-09-18 12:35:49 DEBUG c.s.c.s.JwtAuthenticationFilter - Authentication skipped for internal endpoint, uri=/api/v1/admin/internal/notification-recipients
2026-09-18 12:36:19 DEBUG c.s.c.s.JwtAuthenticationFilter - Authentication skipped for internal endpoint, uri=/api/v1/admin/internal/notification-recipients
2026-09-18 12:36:49 DEBUG c.s.c.s.JwtAuthenticationFilter - Authentication skipped for internal endpoint, uri=/api/v1/admin/internal/notification-recipients
2026-09-18 12:37:19 DEBUG c.s.c.s.JwtAuthenticationFilter - Authentication skipped for internal endpoint, uri=/api/v1/admin/internal/notification-recipients
2026-09-18 12:37:49 DEBUG c.s.c.s.JwtAuthenticationFilter - Authentication skipped for internal endpoint, uri=/api/v1/admin/internal/notification-recipients
2026-09-18 12:37:57 DEBUG c.s.c.s.JwtAuthenticationFilter - Authentication skipped for internal endpoint, uri=/api/v1/internal/rule-cache/active-rules
2026-09-18 12:37:57 DEBUG c.s.c.s.JwtAuthenticationFilter - Authentication skipped for internal endpoint, uri=/api/v1/internal/rule-cache/active-decision-policy
2026-09-18 12:37:57 DEBUG c.s.c.s.JwtAuthenticationFilter - Authentication skipped for internal endpoint, uri=/api/v1/internal/rule-cache/active-blacklist-entries
2026-09-18 12:38:19 DEBUG c.s.c.s.JwtAuthenticationFilter - Authentication skipped for internal endpoint, uri=/api/v1/admin/internal/notification-recipients
2026-09-18 12:38:49 DEBUG c.s.c.s.JwtAuthenticationFilter - Authentication skipped for internal endpoint, uri=/api/v1/admin/internal/notification-recipients
2026-09-18 12:39:19 DEBUG c.s.c.s.JwtAuthenticationFilter - Authentication skipped for internal endpoint, uri=/api/v1/admin/internal/notification-recipients
2026-09-18 12:39:49 DEBUG c.s.c.s.JwtAuthenticationFilter - Authentication skipped for internal endpoint, uri=/api/v1/admin/internal/notification-recipients
2026-09-18 12:40:19 DEBUG c.s.c.s.JwtAuthenticationFilter - Authentication skipped for internal endpoint, uri=/api/v1/admin/internal/notification-recipients
2026-09-18 12:40:46 DEBUG c.s.c.s.JwtAuthenticationFilter - Authentication successful, userId=1, uri=/api/v1/access/get-all-access
2026-09-18 12:40:46 DEBUG c.s.c.s.JwtAuthenticationFilter - Authentication successful, userId=1, uri=/api/v1/admin/roles
2026-09-18 12:40:46 INFO  c.s.a.controller.AccessController - Fetch all access for dropdown request received
2026-09-18 12:40:46 INFO  c.s.access.service.AccessServiceImpl - Fetch all access for dropdown service started
2026-09-18 12:40:46 INFO  c.s.access.service.AccessServiceImpl - Access dropdown list fetched successfully, count=26
2026-09-18 12:40:46 INFO  c.s.a.controller.AccessController - Access dropdown list fetched successfully, count=26
2026-09-18 12:40:46 INFO  c.s.r.c.RoleMasterController - Roles fetched successfully, totalElements=13
2026-09-18 12:40:46 DEBUG c.s.c.s.JwtAuthenticationFilter - Authentication successful, userId=1, uri=/api/v1/access/get-all-access
2026-09-18 12:40:46 INFO  c.s.a.controller.AccessController - Fetch all access for dropdown request received
2026-09-18 12:40:46 INFO  c.s.access.service.AccessServiceImpl - Fetch all access for dropdown service started
2026-09-18 12:40:46 INFO  c.s.access.service.AccessServiceImpl - Access dropdown list fetched successfully, count=26
2026-09-18 12:40:46 INFO  c.s.a.controller.AccessController - Access dropdown list fetched successfully, count=26
2026-09-18 12:40:46 DEBUG c.s.c.s.JwtAuthenticationFilter - Authentication successful, userId=1, uri=/api/v1/admin/roles
2026-09-18 12:40:46 INFO  c.s.r.c.RoleMasterController - Roles fetched successfully, totalElements=13
2026-09-18 12:40:49 DEBUG c.s.c.s.JwtAuthenticationFilter - Authentication successful, userId=1, uri=/api/v1/admin/rule-category/list
2026-09-18 12:40:49 WARN  c.s.c.e.GlobalExceptionHandler - Endpoint not found exception handled: No static resource api/v1/admin/rule-category/list.
2026-09-18 12:40:49 DEBUG c.s.c.s.JwtAuthenticationFilter - Authentication successful, userId=1, uri=/api/v1/admin/rule-category/list
2026-09-18 12:40:49 DEBUG c.s.c.s.JwtAuthenticationFilter - Authentication successful, userId=1, uri=/api/v1/rule-category/list
2026-09-18 12:40:49 WARN  c.s.c.e.GlobalExceptionHandler - Endpoint not found exception handled: No static resource api/v1/admin/rule-category/list.
2026-09-18 12:40:49 DEBUG c.s.c.s.JwtAuthenticationFilter - Authentication successful, userId=1, uri=/api/v1/rule-category/list
2026-09-18 12:40:49 DEBUG c.s.c.s.JwtAuthenticationFilter - Authentication skipped for internal endpoint, uri=/api/v1/admin/internal/notification-recipients
2026-09-18 12:40:51 DEBUG c.s.c.s.JwtAuthenticationFilter - Authentication successful, userId=1, uri=/api/v1/fraud-rule
2026-09-18 12:40:51 DEBUG c.s.c.s.JwtAuthenticationFilter - Authentication successful, userId=1, uri=/api/v1/admin/rule-category/list
2026-09-18 12:40:51 WARN  c.s.c.e.GlobalExceptionHandler - Endpoint not found exception handled: No static resource api/v1/admin/rule-category/list.
2026-09-18 12:40:51 DEBUG c.s.c.s.JwtAuthenticationFilter - Authentication successful, userId=1, uri=/api/v1/rule-category/list
2026-09-18 12:40:51 DEBUG c.s.c.s.JwtAuthenticationFilter - Authentication successful, userId=1, uri=/api/v1/admin/rule-category/list
2026-09-18 12:40:51 WARN  c.s.c.e.GlobalExceptionHandler - Endpoint not found exception handled: No static resource api/v1/admin/rule-category/list.
2026-09-18 12:40:51 DEBUG c.s.c.s.JwtAuthenticationFilter - Authentication successful, userId=1, uri=/api/v1/fraud-rule
2026-09-18 12:40:51 DEBUG c.s.c.s.JwtAuthenticationFilter - Authentication successful, userId=1, uri=/api/v1/rule-category/list
2026-09-18 12:40:54 DEBUG c.s.c.s.JwtAuthenticationFilter - Authentication successful, userId=1, uri=/api/v1/fraud-rule
2026-09-18 12:40:54 DEBUG c.s.c.s.JwtAuthenticationFilter - Authentication successful, userId=1, uri=/api/v1/rule-score/list
2026-09-18 12:40:54 INFO  c.s.r.service.RuleScoreServiceImpl - Rule score filters received: {search=, size=10, page=0}
2026-09-18 12:40:54 DEBUG c.s.c.s.JwtAuthenticationFilter - Authentication successful, userId=1, uri=/api/v1/fraud-rule
2026-09-18 12:40:54 DEBUG c.s.c.s.JwtAuthenticationFilter - Authentication successful, userId=1, uri=/api/v1/rule-score/list
2026-09-18 12:40:54 INFO  c.s.r.service.RuleScoreServiceImpl - Rule score filters received: {search=, size=10, page=0}
2026-09-18 12:41:19 DEBUG c.s.c.s.JwtAuthenticationFilter - Authentication skipped for internal endpoint, uri=/api/v1/admin/internal/notification-recipients
2026-09-18 12:41:49 DEBUG c.s.c.s.JwtAuthenticationFilter - Authentication skipped for internal endpoint, uri=/api/v1/admin/internal/notification-recipients
2026-09-18 12:42:19 DEBUG c.s.c.s.JwtAuthenticationFilter - Authentication skipped for internal endpoint, uri=/api/v1/admin/internal/notification-recipients
2026-09-18 12:42:49 DEBUG c.s.c.s.JwtAuthenticationFilter - Authentication skipped for internal endpoint, uri=/api/v1/admin/internal/notification-recipients
2026-09-18 12:42:57 DEBUG c.s.c.s.JwtAuthenticationFilter - Authentication skipped for internal endpoint, uri=/api/v1/internal/rule-cache/active-rules
2026-09-18 12:42:57 DEBUG c.s.c.s.JwtAuthenticationFilter - Authentication skipped for internal endpoint, uri=/api/v1/internal/rule-cache/active-decision-policy
2026-09-18 12:42:57 DEBUG c.s.c.s.JwtAuthenticationFilter - Authentication skipped for internal endpoint, uri=/api/v1/internal/rule-cache/active-blacklist-entries
2026-09-18 12:43:19 DEBUG c.s.c.s.JwtAuthenticationFilter - Authentication skipped for internal endpoint, uri=/api/v1/admin/internal/notification-recipients
2026-09-18 12:43:49 DEBUG c.s.c.s.JwtAuthenticationFilter - Authentication skipped for internal endpoint, uri=/api/v1/admin/internal/notification-recipients
2026-09-18 12:44:19 DEBUG c.s.c.s.JwtAuthenticationFilter - Authentication skipped for internal endpoint, uri=/api/v1/admin/internal/notification-recipients
2026-09-18 12:44:49 DEBUG c.s.c.s.JwtAuthenticationFilter - Authentication skipped for internal endpoint, uri=/api/v1/admin/internal/notification-recipients
2026-09-18 12:45:19 DEBUG c.s.c.s.JwtAuthenticationFilter - Authentication skipped for internal endpoint, uri=/api/v1/admin/internal/notification-recipients
2026-09-18 12:45:49 DEBUG c.s.c.s.JwtAuthenticationFilter - Authentication skipped for internal endpoint, uri=/api/v1/admin/internal/notification-recipients
2026-09-18 12:46:19 DEBUG c.s.c.s.JwtAuthenticationFilter - Authentication skipped for internal endpoint, uri=/api/v1/admin/internal/notification-recipients
2026-09-18 12:48:07 WARN  com.zaxxer.hikari.pool.HikariPool - HikariPool-1 - Thread starvation or clock leap detected (housekeeper delta=1m52s998ms404µs700ns).
2026-09-18 12:48:33 DEBUG c.s.c.s.JwtAuthenticationFilter - Authentication skipped for internal endpoint, uri=/api/v1/admin/internal/notification-recipients
2026-09-18 12:49:03 DEBUG c.s.c.s.JwtAuthenticationFilter - Authentication skipped for internal endpoint, uri=/api/v1/admin/internal/notification-recipients
2026-09-18 12:49:33 DEBUG c.s.c.s.JwtAuthenticationFilter - Authentication skipped for internal endpoint, uri=/api/v1/admin/internal/notification-recipients
2026-09-18 12:49:41 DEBUG c.s.c.s.JwtAuthenticationFilter - Authentication skipped for internal endpoint, uri=/api/v1/internal/rule-cache/active-rules
2026-09-18 12:49:41 DEBUG c.s.c.s.JwtAuthenticationFilter - Authentication skipped for internal endpoint, uri=/api/v1/internal/rule-cache/active-decision-policy
2026-09-18 12:49:41 DEBUG c.s.c.s.JwtAuthenticationFilter - Authentication skipped for internal endpoint, uri=/api/v1/internal/rule-cache/active-blacklist-entries
2026-09-18 12:50:03 DEBUG c.s.c.s.JwtAuthenticationFilter - Authentication skipped for internal endpoint, uri=/api/v1/admin/internal/notification-recipients
2026-09-18 12:50:33 DEBUG c.s.c.s.JwtAuthenticationFilter - Authentication skipped for internal endpoint, uri=/api/v1/admin/internal/notification-recipients
2026-09-18 12:51:03 DEBUG c.s.c.s.JwtAuthenticationFilter - Authentication skipped for internal endpoint, uri=/api/v1/admin/internal/notification-recipients
2026-09-18 12:51:33 DEBUG c.s.c.s.JwtAuthenticationFilter - Authentication skipped for internal endpoint, uri=/api/v1/admin/internal/notification-recipients
2026-09-18 12:52:03 DEBUG c.s.c.s.JwtAuthenticationFilter - Authentication skipped for internal endpoint, uri=/api/v1/admin/internal/notification-recipients
2026-09-18 12:52:33 DEBUG c.s.c.s.JwtAuthenticationFilter - Authentication skipped for internal endpoint, uri=/api/v1/admin/internal/notification-recipients
2026-09-18 12:53:03 DEBUG c.s.c.s.JwtAuthenticationFilter - Authentication skipped for internal endpoint, uri=/api/v1/admin/internal/notification-recipients
2026-09-18 12:53:16 DEBUG c.s.c.s.JwtAuthenticationFilter - Authentication successful, userId=1, uri=/api/v1/admin/roles
2026-09-18 12:53:16 DEBUG c.s.c.s.JwtAuthenticationFilter - Authentication successful, userId=1, uri=/api/v1/access/get-all-access
2026-09-18 12:53:16 INFO  c.s.a.controller.AccessController - Fetch all access for dropdown request received
2026-09-18 12:53:16 INFO  c.s.access.service.AccessServiceImpl - Fetch all access for dropdown service started
2026-09-18 12:53:16 INFO  c.s.r.c.RoleMasterController - Roles fetched successfully, totalElements=13
2026-09-18 12:53:16 INFO  c.s.access.service.AccessServiceImpl - Access dropdown list fetched successfully, count=26
2026-09-18 12:53:16 INFO  c.s.a.controller.AccessController - Access dropdown list fetched successfully, count=26
2026-09-18 12:53:16 DEBUG c.s.c.s.JwtAuthenticationFilter - Authentication successful, userId=1, uri=/api/v1/admin/roles
2026-09-18 12:53:16 DEBUG c.s.c.s.JwtAuthenticationFilter - Authentication successful, userId=1, uri=/api/v1/access/get-all-access
2026-09-18 12:53:16 INFO  c.s.r.c.RoleMasterController - Roles fetched successfully, totalElements=13
2026-09-18 12:53:16 INFO  c.s.a.controller.AccessController - Fetch all access for dropdown request received
2026-09-18 12:53:16 INFO  c.s.access.service.AccessServiceImpl - Fetch all access for dropdown service started
2026-09-18 12:53:16 INFO  c.s.access.service.AccessServiceImpl - Access dropdown list fetched successfully, count=26
2026-09-18 12:53:16 INFO  c.s.a.controller.AccessController - Access dropdown list fetched successfully, count=26
2026-09-18 12:53:32 DEBUG c.s.c.s.JwtAuthenticationFilter - Authentication successful, userId=1, uri=/api/v1/role-access
2026-09-18 12:53:32 WARN  c.s.c.e.GlobalExceptionHandler - Invalid request exception handled: Role access already exists for: CREATE_FRAUD_RULee, testing6785, DELETE_FRAUD_RULE, FRAUD_RULE_CREATE, FRAUD_RULE_DELETE, FRAUD_RULE_UPDATE, FRAUD_RULE_VIEW, GET_FRAUD_RULE, RULE_CATEGORY_CREATE, RULE_CATEGORY_DELETE, RULE_CATEGORY_UPDATE, RULE_CATEGORY_VIEW, RULE_SCORE_CREATE, RULE_SCORE_DELETE, RULE_SCORE_UPDATE, RULE_SCORE_VIEW, UPDATE_FRAUD_RULE, DASHBOARD_Access, DECISION_POLICY_CREATE, DECISION_POLICY_DELETE, DECISION_POLICY_UPDATE, DECISION_POLICY_VIEW
2026-09-18 12:53:33 DEBUG c.s.c.s.JwtAuthenticationFilter - Authentication skipped for internal endpoint, uri=/api/v1/admin/internal/notification-recipients
2026-09-18 12:54:03 DEBUG c.s.c.s.JwtAuthenticationFilter - Authentication skipped for internal endpoint, uri=/api/v1/admin/internal/notification-recipients
2026-09-18 12:54:22 DEBUG c.s.c.s.JwtAuthenticationFilter - Authentication successful, userId=1, uri=/api/v1/access/get-access-list
2026-09-18 12:54:22 INFO  c.s.a.controller.AccessController - Fetch all access request received, page=0, size=20
2026-09-18 12:54:22 INFO  c.s.access.service.AccessServiceImpl - Fetch all access service started, page=0, size=20
2026-09-18 12:54:22 INFO  c.s.access.service.AccessServiceImpl - Access list fetched successfully, count=20
2026-09-18 12:54:22 INFO  c.s.a.controller.AccessController - Access list fetched successfully, count=20
2026-09-18 12:54:25 DEBUG c.s.c.s.JwtAuthenticationFilter - Authentication successful, userId=1, uri=/api/v1/admin/blacklist-users
2026-09-18 12:54:25 INFO  c.s.b.c.BlackListUserController - Fetch all blacklist users request received, page=0, size=10
2026-09-18 12:54:25 INFO  c.s.b.s.BlackListUserServiceImpl - Fetch all blacklist users service started, page=0, size=10
2026-09-18 12:54:25 INFO  c.s.b.s.BlackListUserServiceImpl - Blacklist users fetched successfully, count=1
2026-09-18 12:54:25 INFO  c.s.b.c.BlackListUserController - Blacklist users fetched successfully, count=1
2026-09-18 12:54:25 DEBUG c.s.c.s.JwtAuthenticationFilter - Authentication successful, userId=1, uri=/api/v1/admin/blacklist-users
2026-09-18 12:54:25 INFO  c.s.b.c.BlackListUserController - Fetch all blacklist users request received, page=0, size=10
2026-09-18 12:54:25 INFO  c.s.b.s.BlackListUserServiceImpl - Fetch all blacklist users service started, page=0, size=10
2026-09-18 12:54:25 INFO  c.s.b.s.BlackListUserServiceImpl - Blacklist users fetched successfully, count=1
2026-09-18 12:54:25 INFO  c.s.b.c.BlackListUserController - Blacklist users fetched successfully, count=1
2026-09-18 12:54:27 DEBUG c.s.c.s.JwtAuthenticationFilter - Authentication successful, userId=1, uri=/api/v1/admin/employees
2026-09-18 12:54:27 INFO  c.s.admin.Controller.AdminController - Fetch all employees request received, page=0, size=10
2026-09-18 12:54:27 INFO  c.s.admin.service.AdminServiceImpl - Get all employees service started, page=0, size=10
2026-09-18 12:54:27 INFO  c.s.admin.service.AdminServiceImpl - Employees fetched successfully, page=0, size=10, count=10
2026-09-18 12:54:27 INFO  c.s.admin.Controller.AdminController - Employees fetched successfully, count=10
2026-09-18 12:54:27 DEBUG c.s.c.s.JwtAuthenticationFilter - Authentication successful, userId=1, uri=/api/v1/admin/employees
2026-09-18 12:54:27 INFO  c.s.admin.Controller.AdminController - Fetch all employees request received, page=0, size=10
2026-09-18 12:54:27 INFO  c.s.admin.service.AdminServiceImpl - Get all employees service started, page=0, size=10
2026-09-18 12:54:27 INFO  c.s.admin.service.AdminServiceImpl - Employees fetched successfully, page=0, size=10, count=10
2026-09-18 12:54:27 INFO  c.s.admin.Controller.AdminController - Employees fetched successfully, count=10
2026-09-18 12:54:33 DEBUG c.s.c.s.JwtAuthenticationFilter - Authentication skipped for internal endpoint, uri=/api/v1/admin/internal/notification-recipients
2026-09-18 12:54:41 DEBUG c.s.c.s.JwtAuthenticationFilter - Authentication skipped for internal endpoint, uri=/api/v1/internal/rule-cache/active-rules
2026-09-18 12:54:41 DEBUG c.s.c.s.JwtAuthenticationFilter - Authentication skipped for internal endpoint, uri=/api/v1/internal/rule-cache/active-decision-policy
2026-09-18 12:54:41 DEBUG c.s.c.s.JwtAuthenticationFilter - Authentication skipped for internal endpoint, uri=/api/v1/internal/rule-cache/active-blacklist-entries
2026-09-18 12:54:56 DEBUG c.s.c.s.JwtAuthenticationFilter - Authentication successful, userId=1, uri=/api/v1/access/get-access-list
2026-09-18 12:54:56 INFO  c.s.a.controller.AccessController - Fetch all access request received, page=0, size=20
2026-09-18 12:54:56 INFO  c.s.access.service.AccessServiceImpl - Fetch all access service started, page=0, size=20
2026-09-18 12:54:56 INFO  c.s.access.service.AccessServiceImpl - Access list fetched successfully, count=20
2026-09-18 12:54:56 INFO  c.s.a.controller.AccessController - Access list fetched successfully, count=20
2026-09-18 12:55:03 DEBUG c.s.c.s.JwtAuthenticationFilter - Authentication skipped for internal endpoint, uri=/api/v1/admin/internal/notification-recipients
2026-09-18 12:55:33 DEBUG c.s.c.s.JwtAuthenticationFilter - Authentication skipped for internal endpoint, uri=/api/v1/admin/internal/notification-recipients
2026-09-18 12:56:03 DEBUG c.s.c.s.JwtAuthenticationFilter - Authentication skipped for internal endpoint, uri=/api/v1/admin/internal/notification-recipients
2026-09-18 12:56:33 DEBUG c.s.c.s.JwtAuthenticationFilter - Authentication skipped for internal endpoint, uri=/api/v1/admin/internal/notification-recipients
2026-09-18 12:57:03 DEBUG c.s.c.s.JwtAuthenticationFilter - Authentication skipped for internal endpoint, uri=/api/v1/admin/internal/notification-recipients
2026-09-18 12:57:33 DEBUG c.s.c.s.JwtAuthenticationFilter - Authentication skipped for internal endpoint, uri=/api/v1/admin/internal/notification-recipients
2026-09-18 12:58:03 DEBUG c.s.c.s.JwtAuthenticationFilter - Authentication skipped for internal endpoint, uri=/api/v1/admin/internal/notification-recipients
2026-09-18 12:58:33 DEBUG c.s.c.s.JwtAuthenticationFilter - Authentication skipped for internal endpoint, uri=/api/v1/admin/internal/notification-recipients
2026-09-18 12:59:03 DEBUG c.s.c.s.JwtAuthenticationFilter - Authentication skipped for internal endpoint, uri=/api/v1/admin/internal/notification-recipients
2026-09-18 12:59:33 DEBUG c.s.c.s.JwtAuthenticationFilter - Authentication skipped for internal endpoint, uri=/api/v1/admin/internal/notification-recipients
2026-09-18 12:59:41 DEBUG c.s.c.s.JwtAuthenticationFilter - Authentication skipped for internal endpoint, uri=/api/v1/internal/rule-cache/active-rules
2026-09-18 12:59:41 DEBUG c.s.c.s.JwtAuthenticationFilter - Authentication skipped for internal endpoint, uri=/api/v1/internal/rule-cache/active-decision-policy
2026-09-18 12:59:41 DEBUG c.s.c.s.JwtAuthenticationFilter - Authentication skipped for internal endpoint, uri=/api/v1/internal/rule-cache/active-blacklist-entries
2026-09-18 13:00:03 DEBUG c.s.c.s.JwtAuthenticationFilter - Authentication skipped for internal endpoint, uri=/api/v1/admin/internal/notification-recipients
2026-09-18 13:00:34 DEBUG c.s.c.s.JwtAuthenticationFilter - Authentication skipped for internal endpoint, uri=/api/v1/admin/internal/notification-recipients
2026-09-18 13:01:04 DEBUG c.s.c.s.JwtAuthenticationFilter - Authentication skipped for internal endpoint, uri=/api/v1/admin/internal/notification-recipients
2026-09-18 13:01:34 DEBUG c.s.c.s.JwtAuthenticationFilter - Authentication skipped for internal endpoint, uri=/api/v1/admin/internal/notification-recipients
2026-09-18 13:02:04 DEBUG c.s.c.s.JwtAuthenticationFilter - Authentication skipped for internal endpoint, uri=/api/v1/admin/internal/notification-recipients
2026-09-18 13:02:34 DEBUG c.s.c.s.JwtAuthenticationFilter - Authentication skipped for internal endpoint, uri=/api/v1/admin/internal/notification-recipients
2026-09-18 13:03:04 DEBUG c.s.c.s.JwtAuthenticationFilter - Authentication skipped for internal endpoint, uri=/api/v1/admin/internal/notification-recipients
2026-09-18 13:03:34 DEBUG c.s.c.s.JwtAuthenticationFilter - Authentication skipped for internal endpoint, uri=/api/v1/admin/internal/notification-recipients
2026-09-18 13:04:04 DEBUG c.s.c.s.JwtAuthenticationFilter - Authentication skipped for internal endpoint, uri=/api/v1/admin/internal/notification-recipients
2026-09-18 13:04:34 DEBUG c.s.c.s.JwtAuthenticationFilter - Authentication skipped for internal endpoint, uri=/api/v1/admin/internal/notification-recipients
2026-09-18 13:04:41 DEBUG c.s.c.s.JwtAuthenticationFilter - Authentication skipped for internal endpoint, uri=/api/v1/internal/rule-cache/active-rules
2026-09-18 13:04:41 DEBUG c.s.c.s.JwtAuthenticationFilter - Authentication skipped for internal endpoint, uri=/api/v1/internal/rule-cache/active-decision-policy
2026-09-18 13:04:41 DEBUG c.s.c.s.JwtAuthenticationFilter - Authentication skipped for internal endpoint, uri=/api/v1/internal/rule-cache/active-blacklist-entries
2026-09-18 13:05:04 DEBUG c.s.c.s.JwtAuthenticationFilter - Authentication skipped for internal endpoint, uri=/api/v1/admin/internal/notification-recipients
2026-09-18 13:05:34 DEBUG c.s.c.s.JwtAuthenticationFilter - Authentication skipped for internal endpoint, uri=/api/v1/admin/internal/notification-recipients
2026-09-18 13:06:04 DEBUG c.s.c.s.JwtAuthenticationFilter - Authentication skipped for internal endpoint, uri=/api/v1/admin/internal/notification-recipients
2026-09-18 13:06:34 DEBUG c.s.c.s.JwtAuthenticationFilter - Authentication skipped for internal endpoint, uri=/api/v1/admin/internal/notification-recipients
2026-09-18 13:07:04 DEBUG c.s.c.s.JwtAuthenticationFilter - Authentication skipped for internal endpoint, uri=/api/v1/admin/internal/notification-recipients
2026-09-18 13:07:34 DEBUG c.s.c.s.JwtAuthenticationFilter - Authentication skipped for internal endpoint, uri=/api/v1/admin/internal/notification-recipients
2026-09-18 13:08:04 DEBUG c.s.c.s.JwtAuthenticationFilter - Authentication skipped for internal endpoint, uri=/api/v1/admin/internal/notification-recipients
2026-09-18 13:08:34 DEBUG c.s.c.s.JwtAuthenticationFilter - Authentication skipped for internal endpoint, uri=/api/v1/admin/internal/notification-recipients
2026-09-18 13:08:51 DEBUG c.s.c.s.JwtAuthenticationFilter - Authentication successful, userId=1, uri=/api/v1/access/get-access-list
2026-09-18 13:08:51 INFO  c.s.a.controller.AccessController - Fetch all access request received, page=0, size=10
2026-09-18 13:08:51 INFO  c.s.access.service.AccessServiceImpl - Fetch all access service started, page=0, size=10
2026-09-18 13:08:51 INFO  c.s.access.service.AccessServiceImpl - Access list fetched successfully, count=10
2026-09-18 13:08:51 INFO  c.s.a.controller.AccessController - Access list fetched successfully, count=10
2026-09-18 13:09:04 DEBUG c.s.c.s.JwtAuthenticationFilter - Authentication skipped for internal endpoint, uri=/api/v1/admin/internal/notification-recipients
2026-09-18 13:09:34 DEBUG c.s.c.s.JwtAuthenticationFilter - Authentication skipped for internal endpoint, uri=/api/v1/admin/internal/notification-recipients
2026-09-18 13:09:41 DEBUG c.s.c.s.JwtAuthenticationFilter - Authentication skipped for internal endpoint, uri=/api/v1/internal/rule-cache/active-rules
2026-09-18 13:09:41 DEBUG c.s.c.s.JwtAuthenticationFilter - Authentication skipped for internal endpoint, uri=/api/v1/internal/rule-cache/active-decision-policy
2026-09-18 13:09:41 DEBUG c.s.c.s.JwtAuthenticationFilter - Authentication skipped for internal endpoint, uri=/api/v1/internal/rule-cache/active-blacklist-entries
2026-09-18 13:10:04 DEBUG c.s.c.s.JwtAuthenticationFilter - Authentication skipped for internal endpoint, uri=/api/v1/admin/internal/notification-recipients
2026-09-18 13:10:34 DEBUG c.s.c.s.JwtAuthenticationFilter - Authentication skipped for internal endpoint, uri=/api/v1/admin/internal/notification-recipients
2026-09-18 13:11:04 DEBUG c.s.c.s.JwtAuthenticationFilter - Authentication skipped for internal endpoint, uri=/api/v1/admin/internal/notification-recipients
2026-09-18 13:11:34 DEBUG c.s.c.s.JwtAuthenticationFilter - Authentication skipped for internal endpoint, uri=/api/v1/admin/internal/notification-recipients
2026-09-18 13:11:36 DEBUG c.s.c.s.JwtAuthenticationFilter - Authentication successful, userId=1, uri=/api/v1/admin/blacklist-entries
2026-09-18 13:11:36 INFO  c.s.b.s.BlacklistEntryServiceImpl - Fetch all blacklist entries service started, page=0, size=10
2026-09-18 13:11:36 INFO  c.s.b.s.BlacklistEntryServiceImpl - Blacklist entries fetched successfully, count=1
2026-09-18 13:11:36 WARN  o.s.d.w.c.SpringDataJacksonConfiguration$PageModule$WarningLoggingModifier - Serializing PageImpl instances as-is is not supported, meaning that there is no guarantee about the stability of the resulting JSON structure!
	For a stable JSON structure, please use Spring Data's PagedModel (globally via @EnableSpringDataWebSupport(pageSerializationMode = VIA_DTO))
	or Spring HATEOAS and Spring Data's PagedResourcesAssembler as documented in https://docs.spring.io/spring-data/commons/reference/repositories/core-extensions.html#core.web.pageables.

2026-09-18 13:11:36 DEBUG c.s.c.s.JwtAuthenticationFilter - Authentication successful, userId=1, uri=/api/v1/admin/blacklist-entries
2026-09-18 13:11:36 INFO  c.s.b.s.BlacklistEntryServiceImpl - Fetch all blacklist entries service started, page=0, size=10
2026-09-18 13:11:36 INFO  c.s.b.s.BlacklistEntryServiceImpl - Blacklist entries fetched successfully, count=1
2026-09-18 13:12:04 DEBUG c.s.c.s.JwtAuthenticationFilter - Authentication skipped for internal endpoint, uri=/api/v1/admin/internal/notification-recipients
2026-09-18 13:12:34 DEBUG c.s.c.s.JwtAuthenticationFilter - Authentication skipped for internal endpoint, uri=/api/v1/admin/internal/notification-recipients
2026-09-18 13:13:04 DEBUG c.s.c.s.JwtAuthenticationFilter - Authentication skipped for internal endpoint, uri=/api/v1/admin/internal/notification-recipients
2026-09-18 13:13:34 DEBUG c.s.c.s.JwtAuthenticationFilter - Authentication skipped for internal endpoint, uri=/api/v1/admin/internal/notification-recipients
2026-09-18 13:14:04 DEBUG c.s.c.s.JwtAuthenticationFilter - Authentication skipped for internal endpoint, uri=/api/v1/admin/internal/notification-recipients
2026-09-18 13:14:34 DEBUG c.s.c.s.JwtAuthenticationFilter - Authentication skipped for internal endpoint, uri=/api/v1/admin/internal/notification-recipients
2026-09-18 13:14:41 DEBUG c.s.c.s.JwtAuthenticationFilter - Authentication skipped for internal endpoint, uri=/api/v1/internal/rule-cache/active-rules
2026-09-18 13:14:41 DEBUG c.s.c.s.JwtAuthenticationFilter - Authentication skipped for internal endpoint, uri=/api/v1/internal/rule-cache/active-decision-policy
2026-09-18 13:14:41 DEBUG c.s.c.s.JwtAuthenticationFilter - Authentication skipped for internal endpoint, uri=/api/v1/internal/rule-cache/active-blacklist-entries
2026-09-18 13:23:36 DEBUG c.s.c.s.JwtAuthenticationFilter - Authentication skipped for internal endpoint, uri=/api/v1/admin/internal/notification-recipients
2026-09-18 13:23:40 WARN  com.zaxxer.hikari.pool.HikariPool - HikariPool-1 - Thread starvation or clock leap detected (housekeeper delta=9m1s852ms614µs700ns).
2026-09-18 13:24:06 DEBUG c.s.c.s.JwtAuthenticationFilter - Authentication skipped for internal endpoint, uri=/api/v1/admin/internal/notification-recipients
2026-09-18 13:24:36 DEBUG c.s.c.s.JwtAuthenticationFilter - Authentication skipped for internal endpoint, uri=/api/v1/admin/internal/notification-recipients
2026-09-18 13:25:06 DEBUG c.s.c.s.JwtAuthenticationFilter - Authentication skipped for internal endpoint, uri=/api/v1/admin/internal/notification-recipients
2026-09-18 13:25:36 DEBUG c.s.c.s.JwtAuthenticationFilter - Authentication skipped for internal endpoint, uri=/api/v1/admin/internal/notification-recipients
2026-09-18 13:26:06 DEBUG c.s.c.s.JwtAuthenticationFilter - Authentication skipped for internal endpoint, uri=/api/v1/admin/internal/notification-recipients
2026-09-18 13:26:36 DEBUG c.s.c.s.JwtAuthenticationFilter - Authentication skipped for internal endpoint, uri=/api/v1/admin/internal/notification-recipients
2026-09-18 13:27:07 DEBUG c.s.c.s.JwtAuthenticationFilter - Authentication skipped for internal endpoint, uri=/api/v1/admin/internal/notification-recipients
2026-09-18 13:27:22 DEBUG c.s.c.s.JwtAuthenticationFilter - Authentication successful, userId=1, uri=/api/v1/auth/login-history
2026-09-18 13:27:22 INFO  c.s.auth.controller.AuthController - Fetch login history request received
2026-09-18 13:27:22 INFO  c.s.auth.service.AuthServiceImpl - Get all login history service started
2026-09-18 13:27:22 INFO  c.s.a.s.LoginHistoryServiceImpl - Fetch all login history service started
2026-09-18 13:27:22 INFO  c.s.a.s.LoginHistoryServiceImpl - All login history fetched successfully, count=10
2026-09-18 13:27:22 INFO  c.s.auth.service.AuthServiceImpl - All login history fetched successfully, count=10
2026-09-18 13:27:22 INFO  c.s.auth.controller.AuthController - Login history fetched successfully, count=10
2026-09-18 13:27:22 DEBUG c.s.c.s.JwtAuthenticationFilter - Authentication successful, userId=1, uri=/api/v1/auth/login-history
2026-09-18 13:27:22 INFO  c.s.auth.controller.AuthController - Fetch login history request received
2026-09-18 13:27:22 INFO  c.s.auth.service.AuthServiceImpl - Get all login history service started
2026-09-18 13:27:22 INFO  c.s.a.s.LoginHistoryServiceImpl - Fetch all login history service started
2026-09-18 13:27:22 INFO  c.s.a.s.LoginHistoryServiceImpl - All login history fetched successfully, count=10
2026-09-18 13:27:22 INFO  c.s.auth.service.AuthServiceImpl - All login history fetched successfully, count=10
2026-09-18 13:27:22 INFO  c.s.auth.controller.AuthController - Login history fetched successfully, count=10
2026-09-18 13:27:23 DEBUG c.s.c.s.JwtAuthenticationFilter - Authentication successful, userId=1, uri=/api/v1/auth/login-attempt
2026-09-18 13:27:23 INFO  c.s.auth.controller.AuthController - Fetch all login attempts request received
2026-09-18 13:27:23 INFO  c.s.a.s.LoginAttemptServiceImpl - Fetch all login attempts service started
2026-09-18 13:27:23 INFO  c.s.a.s.LoginAttemptServiceImpl - Login attempts fetched successfully, count=10
2026-09-18 13:27:23 INFO  c.s.auth.controller.AuthController - Login attempts fetched successfully, count=10
2026-09-18 13:27:23 DEBUG c.s.c.s.JwtAuthenticationFilter - Authentication successful, userId=1, uri=/api/v1/auth/login-attempt
2026-09-18 13:27:23 INFO  c.s.auth.controller.AuthController - Fetch all login attempts request received
2026-09-18 13:27:23 INFO  c.s.a.s.LoginAttemptServiceImpl - Fetch all login attempts service started
2026-09-18 13:27:23 INFO  c.s.a.s.LoginAttemptServiceImpl - Login attempts fetched successfully, count=10
2026-09-18 13:27:23 INFO  c.s.auth.controller.AuthController - Login attempts fetched successfully, count=10
2026-09-18 13:27:26 DEBUG c.s.c.s.JwtAuthenticationFilter - Authentication successful, userId=1, uri=/api/v1/auth/sessions
2026-09-18 13:27:26 DEBUG c.s.c.s.JwtAuthenticationFilter - Authentication successful, userId=1, uri=/api/v1/auth/sessions
2026-09-18 13:27:37 DEBUG c.s.c.s.JwtAuthenticationFilter - Authentication skipped for internal endpoint, uri=/api/v1/admin/internal/notification-recipients
2026-09-18 13:28:07 DEBUG c.s.c.s.JwtAuthenticationFilter - Authentication skipped for internal endpoint, uri=/api/v1/admin/internal/notification-recipients
2026-09-18 13:28:13 DEBUG c.s.c.s.JwtAuthenticationFilter - Authentication skipped for internal endpoint, uri=/api/v1/internal/rule-cache/active-rules
2026-09-18 13:28:13 DEBUG c.s.c.s.JwtAuthenticationFilter - Authentication skipped for internal endpoint, uri=/api/v1/internal/rule-cache/active-decision-policy
2026-09-18 13:28:13 DEBUG c.s.c.s.JwtAuthenticationFilter - Authentication skipped for internal endpoint, uri=/api/v1/internal/rule-cache/active-blacklist-entries
2026-09-18 13:28:37 DEBUG c.s.c.s.JwtAuthenticationFilter - Authentication skipped for internal endpoint, uri=/api/v1/admin/internal/notification-recipients
2026-09-18 13:29:07 DEBUG c.s.c.s.JwtAuthenticationFilter - Authentication skipped for internal endpoint, uri=/api/v1/admin/internal/notification-recipients
2026-09-18 13:29:37 DEBUG c.s.c.s.JwtAuthenticationFilter - Authentication skipped for internal endpoint, uri=/api/v1/admin/internal/notification-recipients
2026-09-18 13:30:07 DEBUG c.s.c.s.JwtAuthenticationFilter - Authentication skipped for internal endpoint, uri=/api/v1/admin/internal/notification-recipients
2026-09-18 13:30:37 DEBUG c.s.c.s.JwtAuthenticationFilter - Authentication skipped for internal endpoint, uri=/api/v1/admin/internal/notification-recipients
2026-09-18 13:31:07 DEBUG c.s.c.s.JwtAuthenticationFilter - Authentication skipped for internal endpoint, uri=/api/v1/admin/internal/notification-recipients
2026-09-18 13:31:07 DEBUG c.s.c.s.JwtAuthenticationFilter - Authentication successful, userId=1, uri=/api/v1/auth/login-history
2026-09-18 13:31:07 INFO  c.s.auth.controller.AuthController - Fetch login history request received
2026-09-18 13:31:07 INFO  c.s.auth.service.AuthServiceImpl - Get all login history service started
2026-09-18 13:31:07 INFO  c.s.a.s.LoginHistoryServiceImpl - Fetch all login history service started
2026-09-18 13:31:07 INFO  c.s.a.s.LoginHistoryServiceImpl - All login history fetched successfully, count=10
2026-09-18 13:31:07 INFO  c.s.auth.service.AuthServiceImpl - All login history fetched successfully, count=10
2026-09-18 13:31:07 INFO  c.s.auth.controller.AuthController - Login history fetched successfully, count=10
2026-09-18 13:31:07 DEBUG c.s.c.s.JwtAuthenticationFilter - Authentication successful, userId=1, uri=/api/v1/auth/login-history
2026-09-18 13:31:07 INFO  c.s.auth.controller.AuthController - Fetch login history request received
2026-09-18 13:31:07 INFO  c.s.auth.service.AuthServiceImpl - Get all login history service started
2026-09-18 13:31:07 INFO  c.s.a.s.LoginHistoryServiceImpl - Fetch all login history service started
2026-09-18 13:31:07 INFO  c.s.a.s.LoginHistoryServiceImpl - All login history fetched successfully, count=10
2026-09-18 13:31:07 INFO  c.s.auth.service.AuthServiceImpl - All login history fetched successfully, count=10
2026-09-18 13:31:07 INFO  c.s.auth.controller.AuthController - Login history fetched successfully, count=10
2026-09-18 13:31:14 DEBUG c.s.c.s.JwtAuthenticationFilter - Authentication successful, userId=1, uri=/api/v1/auth/login-history
2026-09-18 13:31:14 INFO  c.s.auth.controller.AuthController - Fetch login history request received
2026-09-18 13:31:14 INFO  c.s.auth.service.AuthServiceImpl - Get all login history service started
2026-09-18 13:31:14 INFO  c.s.a.s.LoginHistoryServiceImpl - Fetch all login history service started
2026-09-18 13:31:14 INFO  c.s.a.s.LoginHistoryServiceImpl - All login history fetched successfully, count=10
2026-09-18 13:31:14 INFO  c.s.auth.service.AuthServiceImpl - All login history fetched successfully, count=10
2026-09-18 13:31:14 INFO  c.s.auth.controller.AuthController - Login history fetched successfully, count=10
2026-09-18 13:31:16 DEBUG c.s.c.s.JwtAuthenticationFilter - Authentication successful, userId=1, uri=/api/v1/auth/login-history
2026-09-18 13:31:16 INFO  c.s.auth.controller.AuthController - Fetch login history request received
2026-09-18 13:31:16 INFO  c.s.auth.service.AuthServiceImpl - Get all login history service started
2026-09-18 13:31:16 INFO  c.s.a.s.LoginHistoryServiceImpl - Fetch all login history service started
2026-09-18 13:31:16 INFO  c.s.a.s.LoginHistoryServiceImpl - All login history fetched successfully, count=10
2026-09-18 13:31:16 INFO  c.s.auth.service.AuthServiceImpl - All login history fetched successfully, count=10
2026-09-18 13:31:16 INFO  c.s.auth.controller.AuthController - Login history fetched successfully, count=10
2026-09-18 13:31:19 DEBUG c.s.c.s.JwtAuthenticationFilter - Authentication successful, userId=1, uri=/api/v1/auth/login-history
2026-09-18 13:31:19 INFO  c.s.auth.controller.AuthController - Fetch login history request received
2026-09-18 13:31:19 INFO  c.s.auth.service.AuthServiceImpl - Get all login history service started
2026-09-18 13:31:19 INFO  c.s.a.s.LoginHistoryServiceImpl - Fetch all login history service started
2026-09-18 13:31:19 INFO  c.s.a.s.LoginHistoryServiceImpl - All login history fetched successfully, count=10
2026-09-18 13:31:19 INFO  c.s.auth.service.AuthServiceImpl - All login history fetched successfully, count=10
2026-09-18 13:31:19 INFO  c.s.auth.controller.AuthController - Login history fetched successfully, count=10
2026-09-18 13:31:37 DEBUG c.s.c.s.JwtAuthenticationFilter - Authentication skipped for internal endpoint, uri=/api/v1/admin/internal/notification-recipients
2026-09-18 13:32:07 DEBUG c.s.c.s.JwtAuthenticationFilter - Authentication skipped for internal endpoint, uri=/api/v1/admin/internal/notification-recipients
2026-09-18 13:32:37 DEBUG c.s.c.s.JwtAuthenticationFilter - Authentication skipped for internal endpoint, uri=/api/v1/admin/internal/notification-recipients
2026-09-18 13:33:07 DEBUG c.s.c.s.JwtAuthenticationFilter - Authentication skipped for internal endpoint, uri=/api/v1/admin/internal/notification-recipients
2026-09-18 13:33:13 DEBUG c.s.c.s.JwtAuthenticationFilter - Authentication skipped for internal endpoint, uri=/api/v1/internal/rule-cache/active-rules
2026-09-18 13:33:13 DEBUG c.s.c.s.JwtAuthenticationFilter - Authentication skipped for internal endpoint, uri=/api/v1/internal/rule-cache/active-decision-policy
2026-09-18 13:33:13 DEBUG c.s.c.s.JwtAuthenticationFilter - Authentication skipped for internal endpoint, uri=/api/v1/internal/rule-cache/active-blacklist-entries
2026-09-18 13:33:37 DEBUG c.s.c.s.JwtAuthenticationFilter - Authentication skipped for internal endpoint, uri=/api/v1/admin/internal/notification-recipients
2026-09-18 13:34:07 DEBUG c.s.c.s.JwtAuthenticationFilter - Authentication skipped for internal endpoint, uri=/api/v1/admin/internal/notification-recipients
2026-09-18 13:34:37 DEBUG c.s.c.s.JwtAuthenticationFilter - Authentication skipped for internal endpoint, uri=/api/v1/admin/internal/notification-recipients
2026-09-18 13:35:07 DEBUG c.s.c.s.JwtAuthenticationFilter - Authentication skipped for internal endpoint, uri=/api/v1/admin/internal/notification-recipients
2026-09-18 13:35:37 DEBUG c.s.c.s.JwtAuthenticationFilter - Authentication skipped for internal endpoint, uri=/api/v1/admin/internal/notification-recipients
2026-09-18 13:59:47 DEBUG c.s.c.s.JwtAuthenticationFilter - Authentication skipped for internal endpoint, uri=/api/v1/admin/internal/notification-recipients
2026-09-18 13:59:50 WARN  com.zaxxer.hikari.pool.HikariPool - HikariPool-1 - Thread starvation or clock leap detected (housekeeper delta=24m9s785ms747µs).
2026-09-18 14:00:17 DEBUG c.s.c.s.JwtAuthenticationFilter - Authentication skipped for internal endpoint, uri=/api/v1/admin/internal/notification-recipients
2026-09-18 14:00:47 DEBUG c.s.c.s.JwtAuthenticationFilter - Authentication skipped for internal endpoint, uri=/api/v1/admin/internal/notification-recipients
2026-09-18 14:01:17 DEBUG c.s.c.s.JwtAuthenticationFilter - Authentication skipped for internal endpoint, uri=/api/v1/admin/internal/notification-recipients
2026-09-18 14:01:47 DEBUG c.s.c.s.JwtAuthenticationFilter - Authentication skipped for internal endpoint, uri=/api/v1/admin/internal/notification-recipients
2026-09-18 14:01:53 DEBUG c.s.c.s.JwtAuthenticationFilter - Authentication skipped for internal endpoint, uri=/api/v1/internal/rule-cache/active-rules
2026-09-18 14:01:53 DEBUG c.s.c.s.JwtAuthenticationFilter - Authentication skipped for internal endpoint, uri=/api/v1/internal/rule-cache/active-decision-policy
2026-09-18 14:01:53 DEBUG c.s.c.s.JwtAuthenticationFilter - Authentication skipped for internal endpoint, uri=/api/v1/internal/rule-cache/active-blacklist-entries
2026-09-18 14:02:17 DEBUG c.s.c.s.JwtAuthenticationFilter - Authentication skipped for internal endpoint, uri=/api/v1/admin/internal/notification-recipients
2026-09-18 14:02:47 DEBUG c.s.c.s.JwtAuthenticationFilter - Authentication skipped for internal endpoint, uri=/api/v1/admin/internal/notification-recipients
2026-09-18 14:32:41 DEBUG c.s.c.s.JwtAuthenticationFilter - Authentication skipped for internal endpoint, uri=/api/v1/admin/internal/notification-recipients
2026-09-18 14:32:44 WARN  com.zaxxer.hikari.pool.HikariPool - HikariPool-1 - Thread starvation or clock leap detected (housekeeper delta=29m54s293ms693µs200ns).
2026-09-18 14:33:11 DEBUG c.s.c.s.JwtAuthenticationFilter - Authentication skipped for internal endpoint, uri=/api/v1/admin/internal/notification-recipients
2026-09-18 14:33:41 DEBUG c.s.c.s.JwtAuthenticationFilter - Authentication skipped for internal endpoint, uri=/api/v1/admin/internal/notification-recipients
2026-09-18 14:34:11 DEBUG c.s.c.s.JwtAuthenticationFilter - Authentication skipped for internal endpoint, uri=/api/v1/admin/internal/notification-recipients
2026-09-18 14:34:41 DEBUG c.s.c.s.JwtAuthenticationFilter - Authentication skipped for internal endpoint, uri=/api/v1/admin/internal/notification-recipients
2026-09-18 14:35:11 DEBUG c.s.c.s.JwtAuthenticationFilter - Authentication skipped for internal endpoint, uri=/api/v1/admin/internal/notification-recipients
2026-09-18 14:35:41 DEBUG c.s.c.s.JwtAuthenticationFilter - Authentication skipped for internal endpoint, uri=/api/v1/admin/internal/notification-recipients
2026-09-18 14:36:11 DEBUG c.s.c.s.JwtAuthenticationFilter - Authentication skipped for internal endpoint, uri=/api/v1/admin/internal/notification-recipients
2026-09-18 14:36:18 DEBUG c.s.c.s.JwtAuthenticationFilter - Authentication skipped for internal endpoint, uri=/api/v1/internal/rule-cache/active-rules
2026-09-18 14:36:18 DEBUG c.s.c.s.JwtAuthenticationFilter - Authentication skipped for internal endpoint, uri=/api/v1/internal/rule-cache/active-decision-policy
2026-09-18 14:36:18 DEBUG c.s.c.s.JwtAuthenticationFilter - Authentication skipped for internal endpoint, uri=/api/v1/internal/rule-cache/active-blacklist-entries
2026-09-18 14:36:41 DEBUG c.s.c.s.JwtAuthenticationFilter - Authentication skipped for internal endpoint, uri=/api/v1/admin/internal/notification-recipients
2026-09-18 14:37:11 DEBUG c.s.c.s.JwtAuthenticationFilter - Authentication skipped for internal endpoint, uri=/api/v1/admin/internal/notification-recipients
2026-09-18 14:37:42 DEBUG c.s.c.s.JwtAuthenticationFilter - Authentication skipped for internal endpoint, uri=/api/v1/admin/internal/notification-recipients
2026-09-18 14:38:12 DEBUG c.s.c.s.JwtAuthenticationFilter - Authentication skipped for internal endpoint, uri=/api/v1/admin/internal/notification-recipients
2026-09-18 14:38:42 DEBUG c.s.c.s.JwtAuthenticationFilter - Authentication skipped for internal endpoint, uri=/api/v1/admin/internal/notification-recipients
2026-09-18 14:39:12 DEBUG c.s.c.s.JwtAuthenticationFilter - Authentication skipped for internal endpoint, uri=/api/v1/admin/internal/notification-recipients
2026-09-18 14:39:42 DEBUG c.s.c.s.JwtAuthenticationFilter - Authentication skipped for internal endpoint, uri=/api/v1/admin/internal/notification-recipients
2026-09-18 14:40:12 DEBUG c.s.c.s.JwtAuthenticationFilter - Authentication skipped for internal endpoint, uri=/api/v1/admin/internal/notification-recipients
2026-09-18 14:40:42 DEBUG c.s.c.s.JwtAuthenticationFilter - Authentication skipped for internal endpoint, uri=/api/v1/admin/internal/notification-recipients
2026-09-18 14:41:12 DEBUG c.s.c.s.JwtAuthenticationFilter - Authentication skipped for internal endpoint, uri=/api/v1/admin/internal/notification-recipients
2026-09-18 14:41:18 DEBUG c.s.c.s.JwtAuthenticationFilter - Authentication skipped for internal endpoint, uri=/api/v1/internal/rule-cache/active-rules
2026-09-18 14:41:18 DEBUG c.s.c.s.JwtAuthenticationFilter - Authentication skipped for internal endpoint, uri=/api/v1/internal/rule-cache/active-decision-policy
2026-09-18 14:41:18 DEBUG c.s.c.s.JwtAuthenticationFilter - Authentication skipped for internal endpoint, uri=/api/v1/internal/rule-cache/active-blacklist-entries
2026-09-18 14:41:42 DEBUG c.s.c.s.JwtAuthenticationFilter - Authentication skipped for internal endpoint, uri=/api/v1/admin/internal/notification-recipients
2026-09-18 14:42:12 DEBUG c.s.c.s.JwtAuthenticationFilter - Authentication skipped for internal endpoint, uri=/api/v1/admin/internal/notification-recipients
2026-09-18 14:42:42 DEBUG c.s.c.s.JwtAuthenticationFilter - Authentication skipped for internal endpoint, uri=/api/v1/admin/internal/notification-recipients
2026-09-18 14:43:12 DEBUG c.s.c.s.JwtAuthenticationFilter - Authentication skipped for internal endpoint, uri=/api/v1/admin/internal/notification-recipients
2026-09-18 14:43:42 DEBUG c.s.c.s.JwtAuthenticationFilter - Authentication skipped for internal endpoint, uri=/api/v1/admin/internal/notification-recipients
2026-09-18 14:44:12 DEBUG c.s.c.s.JwtAuthenticationFilter - Authentication skipped for internal endpoint, uri=/api/v1/admin/internal/notification-recipients
2026-09-18 14:44:42 DEBUG c.s.c.s.JwtAuthenticationFilter - Authentication skipped for internal endpoint, uri=/api/v1/admin/internal/notification-recipients
2026-09-18 14:45:12 DEBUG c.s.c.s.JwtAuthenticationFilter - Authentication skipped for internal endpoint, uri=/api/v1/admin/internal/notification-recipients
2026-09-18 14:45:42 DEBUG c.s.c.s.JwtAuthenticationFilter - Authentication skipped for internal endpoint, uri=/api/v1/admin/internal/notification-recipients
2026-09-18 14:46:12 DEBUG c.s.c.s.JwtAuthenticationFilter - Authentication skipped for internal endpoint, uri=/api/v1/admin/internal/notification-recipients
2026-09-18 14:46:18 DEBUG c.s.c.s.JwtAuthenticationFilter - Authentication skipped for internal endpoint, uri=/api/v1/internal/rule-cache/active-rules
2026-09-18 14:46:18 DEBUG c.s.c.s.JwtAuthenticationFilter - Authentication skipped for internal endpoint, uri=/api/v1/internal/rule-cache/active-decision-policy
2026-09-18 14:46:18 DEBUG c.s.c.s.JwtAuthenticationFilter - Authentication skipped for internal endpoint, uri=/api/v1/internal/rule-cache/active-blacklist-entries
2026-09-18 14:46:42 DEBUG c.s.c.s.JwtAuthenticationFilter - Authentication skipped for internal endpoint, uri=/api/v1/admin/internal/notification-recipients
2026-09-18 14:47:12 DEBUG c.s.c.s.JwtAuthenticationFilter - Authentication skipped for internal endpoint, uri=/api/v1/admin/internal/notification-recipients
2026-09-18 14:47:42 DEBUG c.s.c.s.JwtAuthenticationFilter - Authentication skipped for internal endpoint, uri=/api/v1/admin/internal/notification-recipients
2026-09-18 14:47:58 DEBUG c.s.c.s.JwtAuthenticationFilter - Authentication successful, userId=1, uri=/api/v1/auth/login-history
2026-09-18 14:47:58 INFO  c.s.auth.controller.AuthController - Fetch login history request received
2026-09-18 14:47:58 INFO  c.s.auth.service.AuthServiceImpl - Get all login history service started
2026-09-18 14:47:58 INFO  c.s.a.s.LoginHistoryServiceImpl - Fetch all login history service started
2026-09-18 14:47:58 INFO  c.s.a.s.LoginHistoryServiceImpl - All login history fetched successfully, count=10
2026-09-18 14:47:58 INFO  c.s.auth.service.AuthServiceImpl - All login history fetched successfully, count=10
2026-09-18 14:47:58 INFO  c.s.auth.controller.AuthController - Login history fetched successfully, count=10
2026-09-18 14:47:58 DEBUG c.s.c.s.JwtAuthenticationFilter - Authentication successful, userId=1, uri=/api/v1/auth/login-history
2026-09-18 14:47:58 INFO  c.s.auth.controller.AuthController - Fetch login history request received
2026-09-18 14:47:58 INFO  c.s.auth.service.AuthServiceImpl - Get all login history service started
2026-09-18 14:47:58 INFO  c.s.a.s.LoginHistoryServiceImpl - Fetch all login history service started
2026-09-18 14:47:58 INFO  c.s.a.s.LoginHistoryServiceImpl - All login history fetched successfully, count=10
2026-09-18 14:47:58 INFO  c.s.auth.service.AuthServiceImpl - All login history fetched successfully, count=10
2026-09-18 14:47:58 INFO  c.s.auth.controller.AuthController - Login history fetched successfully, count=10
2026-09-18 14:48:08 DEBUG c.s.c.s.JwtAuthenticationFilter - Authentication successful, userId=1, uri=/api/v1/admin/employees
2026-09-18 14:48:08 INFO  c.s.admin.Controller.AdminController - Fetch all employees request received, page=0, size=10
2026-09-18 14:48:08 INFO  c.s.admin.service.AdminServiceImpl - Get all employees service started, page=0, size=10
2026-09-18 14:48:08 INFO  c.s.admin.service.AdminServiceImpl - Employees fetched successfully, page=0, size=10, count=10
2026-09-18 14:48:08 INFO  c.s.admin.Controller.AdminController - Employees fetched successfully, count=10
2026-09-18 14:48:08 DEBUG c.s.c.s.JwtAuthenticationFilter - Authentication successful, userId=1, uri=/api/v1/admin/employees
2026-09-18 14:48:08 INFO  c.s.admin.Controller.AdminController - Fetch all employees request received, page=0, size=10
2026-09-18 14:48:08 INFO  c.s.admin.service.AdminServiceImpl - Get all employees service started, page=0, size=10
2026-09-18 14:48:08 INFO  c.s.admin.service.AdminServiceImpl - Employees fetched successfully, page=0, size=10, count=10
2026-09-18 14:48:08 INFO  c.s.admin.Controller.AdminController - Employees fetched successfully, count=10
2026-09-18 14:48:12 DEBUG c.s.c.s.JwtAuthenticationFilter - Authentication successful, userId=1, uri=/api/v1/users
2026-09-18 14:48:12 DEBUG c.s.c.s.JwtAuthenticationFilter - Authentication successful, userId=1, uri=/api/v1/users
2026-09-18 14:48:12 DEBUG c.s.c.s.JwtAuthenticationFilter - Authentication skipped for internal endpoint, uri=/api/v1/admin/internal/notification-recipients
2026-09-18 14:48:42 DEBUG c.s.c.s.JwtAuthenticationFilter - Authentication skipped for internal endpoint, uri=/api/v1/admin/internal/notification-recipients
2026-09-18 14:49:12 DEBUG c.s.c.s.JwtAuthenticationFilter - Authentication skipped for internal endpoint, uri=/api/v1/admin/internal/notification-recipients
2026-09-18 14:49:42 DEBUG c.s.c.s.JwtAuthenticationFilter - Authentication skipped for internal endpoint, uri=/api/v1/admin/internal/notification-recipients
2026-09-18 14:50:12 DEBUG c.s.c.s.JwtAuthenticationFilter - Authentication skipped for internal endpoint, uri=/api/v1/admin/internal/notification-recipients
2026-09-18 14:50:42 DEBUG c.s.c.s.JwtAuthenticationFilter - Authentication skipped for internal endpoint, uri=/api/v1/admin/internal/notification-recipients
2026-09-18 14:51:01 DEBUG c.s.c.s.JwtAuthenticationFilter - Authentication successful, userId=1, uri=/api/v1/admin/rule-category/list
2026-09-18 14:51:01 WARN  c.s.c.e.GlobalExceptionHandler - Endpoint not found exception handled: No static resource api/v1/admin/rule-category/list.
2026-09-18 14:51:01 DEBUG c.s.c.s.JwtAuthenticationFilter - Authentication successful, userId=1, uri=/api/v1/admin/rule-category/list
2026-09-18 14:51:01 WARN  c.s.c.e.GlobalExceptionHandler - Endpoint not found exception handled: No static resource api/v1/admin/rule-category/list.
2026-09-18 14:51:01 DEBUG c.s.c.s.JwtAuthenticationFilter - Authentication successful, userId=1, uri=/api/v1/rule-category/list
2026-09-18 14:51:02 DEBUG c.s.c.s.JwtAuthenticationFilter - Authentication successful, userId=1, uri=/api/v1/rule-category/list
2026-09-18 14:51:02 DEBUG c.s.c.s.JwtAuthenticationFilter - Authentication successful, userId=1, uri=/api/v1/admin/rule-category/list
2026-09-18 14:51:02 WARN  c.s.c.e.GlobalExceptionHandler - Endpoint not found exception handled: No static resource api/v1/admin/rule-category/list.
2026-09-18 14:51:02 DEBUG c.s.c.s.JwtAuthenticationFilter - Authentication successful, userId=1, uri=/api/v1/fraud-rule
2026-09-18 14:51:02 DEBUG c.s.c.s.JwtAuthenticationFilter - Authentication successful, userId=1, uri=/api/v1/rule-category/list
2026-09-18 14:51:02 DEBUG c.s.c.s.JwtAuthenticationFilter - Authentication successful, userId=1, uri=/api/v1/admin/rule-category/list
2026-09-18 14:51:02 WARN  c.s.c.e.GlobalExceptionHandler - Endpoint not found exception handled: No static resource api/v1/admin/rule-category/list.
2026-09-18 14:51:02 DEBUG c.s.c.s.JwtAuthenticationFilter - Authentication successful, userId=1, uri=/api/v1/fraud-rule
2026-09-18 14:51:02 DEBUG c.s.c.s.JwtAuthenticationFilter - Authentication successful, userId=1, uri=/api/v1/rule-category/list
2026-09-18 14:51:04 DEBUG c.s.c.s.JwtAuthenticationFilter - Authentication successful, userId=1, uri=/api/v1/fraud-rule
2026-09-18 14:51:04 DEBUG c.s.c.s.JwtAuthenticationFilter - Authentication successful, userId=1, uri=/api/v1/rule-score/list
2026-09-18 14:51:04 INFO  c.s.r.service.RuleScoreServiceImpl - Rule score filters received: {search=, size=10, page=0}
2026-09-18 14:51:04 DEBUG c.s.c.s.JwtAuthenticationFilter - Authentication successful, userId=1, uri=/api/v1/fraud-rule
2026-09-18 14:51:04 DEBUG c.s.c.s.JwtAuthenticationFilter - Authentication successful, userId=1, uri=/api/v1/rule-score/list
2026-09-18 14:51:04 INFO  c.s.r.service.RuleScoreServiceImpl - Rule score filters received: {search=, size=10, page=0}
2026-09-18 14:51:12 DEBUG c.s.c.s.JwtAuthenticationFilter - Authentication skipped for internal endpoint, uri=/api/v1/admin/internal/notification-recipients
2026-09-18 14:51:18 DEBUG c.s.c.s.JwtAuthenticationFilter - Authentication skipped for internal endpoint, uri=/api/v1/internal/rule-cache/active-rules
2026-09-18 14:51:18 DEBUG c.s.c.s.JwtAuthenticationFilter - Authentication skipped for internal endpoint, uri=/api/v1/internal/rule-cache/active-decision-policy
2026-09-18 14:51:18 DEBUG c.s.c.s.JwtAuthenticationFilter - Authentication skipped for internal endpoint, uri=/api/v1/internal/rule-cache/active-blacklist-entries
2026-09-18 14:51:42 DEBUG c.s.c.s.JwtAuthenticationFilter - Authentication skipped for internal endpoint, uri=/api/v1/admin/internal/notification-recipients
2026-09-18 14:52:12 DEBUG c.s.c.s.JwtAuthenticationFilter - Authentication skipped for internal endpoint, uri=/api/v1/admin/internal/notification-recipients
2026-09-18 14:52:42 DEBUG c.s.c.s.JwtAuthenticationFilter - Authentication skipped for internal endpoint, uri=/api/v1/admin/internal/notification-recipients
2026-09-18 14:53:12 DEBUG c.s.c.s.JwtAuthenticationFilter - Authentication skipped for internal endpoint, uri=/api/v1/admin/internal/notification-recipients
2026-09-18 14:53:42 DEBUG c.s.c.s.JwtAuthenticationFilter - Authentication skipped for internal endpoint, uri=/api/v1/admin/internal/notification-recipients
2026-09-18 14:54:12 DEBUG c.s.c.s.JwtAuthenticationFilter - Authentication skipped for internal endpoint, uri=/api/v1/admin/internal/notification-recipients
2026-09-18 14:54:42 DEBUG c.s.c.s.JwtAuthenticationFilter - Authentication skipped for internal endpoint, uri=/api/v1/admin/internal/notification-recipients
2026-09-18 14:55:12 DEBUG c.s.c.s.JwtAuthenticationFilter - Authentication skipped for internal endpoint, uri=/api/v1/admin/internal/notification-recipients
2026-09-18 14:55:42 DEBUG c.s.c.s.JwtAuthenticationFilter - Authentication skipped for internal endpoint, uri=/api/v1/admin/internal/notification-recipients
2026-09-18 14:56:12 DEBUG c.s.c.s.JwtAuthenticationFilter - Authentication skipped for internal endpoint, uri=/api/v1/admin/internal/notification-recipients
2026-09-18 14:56:18 DEBUG c.s.c.s.JwtAuthenticationFilter - Authentication skipped for internal endpoint, uri=/api/v1/internal/rule-cache/active-rules
2026-09-18 14:56:18 DEBUG c.s.c.s.JwtAuthenticationFilter - Authentication skipped for internal endpoint, uri=/api/v1/internal/rule-cache/active-decision-policy
2026-09-18 14:56:18 DEBUG c.s.c.s.JwtAuthenticationFilter - Authentication skipped for internal endpoint, uri=/api/v1/internal/rule-cache/active-blacklist-entries
2026-09-18 14:56:42 DEBUG c.s.c.s.JwtAuthenticationFilter - Authentication skipped for internal endpoint, uri=/api/v1/admin/internal/notification-recipients
2026-09-18 14:57:12 DEBUG c.s.c.s.JwtAuthenticationFilter - Authentication skipped for internal endpoint, uri=/api/v1/admin/internal/notification-recipients
2026-09-18 14:57:43 DEBUG c.s.c.s.JwtAuthenticationFilter - Authentication skipped for internal endpoint, uri=/api/v1/admin/internal/notification-recipients
2026-09-18 14:58:13 DEBUG c.s.c.s.JwtAuthenticationFilter - Authentication skipped for internal endpoint, uri=/api/v1/admin/internal/notification-recipients
2026-09-18 14:58:43 DEBUG c.s.c.s.JwtAuthenticationFilter - Authentication skipped for internal endpoint, uri=/api/v1/admin/internal/notification-recipients
2026-09-18 14:59:13 DEBUG c.s.c.s.JwtAuthenticationFilter - Authentication skipped for internal endpoint, uri=/api/v1/admin/internal/notification-recipients
2026-09-18 14:59:18 DEBUG c.s.c.s.JwtAuthenticationFilter - Authentication successful, userId=1, uri=/api/v1/admin/employees
2026-09-18 14:59:18 INFO  c.s.admin.Controller.AdminController - Fetch all employees request received, page=0, size=10
2026-09-18 14:59:18 INFO  c.s.admin.service.AdminServiceImpl - Get all employees service started, page=0, size=10
2026-09-18 14:59:18 INFO  c.s.admin.service.AdminServiceImpl - Employees fetched successfully, page=0, size=10, count=10
2026-09-18 14:59:18 INFO  c.s.admin.Controller.AdminController - Employees fetched successfully, count=10
2026-09-18 14:59:19 DEBUG c.s.c.s.JwtAuthenticationFilter - Authentication successful, userId=1, uri=/api/v1/admin/employees
2026-09-18 14:59:19 INFO  c.s.admin.Controller.AdminController - Fetch all employees request received, page=0, size=10
2026-09-18 14:59:19 INFO  c.s.admin.service.AdminServiceImpl - Get all employees service started, page=0, size=10
2026-09-18 14:59:19 INFO  c.s.admin.service.AdminServiceImpl - Employees fetched successfully, page=0, size=10, count=10
2026-09-18 14:59:19 INFO  c.s.admin.Controller.AdminController - Employees fetched successfully, count=10
2026-09-18 14:59:20 DEBUG c.s.c.s.JwtAuthenticationFilter - Authentication successful, userId=1, uri=/api/v1/users
2026-09-18 14:59:20 DEBUG c.s.c.s.JwtAuthenticationFilter - Authentication successful, userId=1, uri=/api/v1/users
2026-09-18 14:59:20 DEBUG c.s.c.s.JwtAuthenticationFilter - Authentication successful, userId=1, uri=/api/v1/admin/roles
2026-09-18 14:59:20 INFO  c.s.r.c.RoleMasterController - Roles fetched successfully, totalElements=13
2026-09-18 14:59:21 DEBUG c.s.c.s.JwtAuthenticationFilter - Authentication successful, userId=1, uri=/api/v1/admin/roles
2026-09-18 14:59:21 INFO  c.s.r.c.RoleMasterController - Roles fetched successfully, totalElements=13
2026-09-18 14:59:43 DEBUG c.s.c.s.JwtAuthenticationFilter - Authentication skipped for internal endpoint, uri=/api/v1/admin/internal/notification-recipients
2026-09-18 15:00:13 DEBUG c.s.c.s.JwtAuthenticationFilter - Authentication skipped for internal endpoint, uri=/api/v1/admin/internal/notification-recipients
2026-09-18 15:00:43 DEBUG c.s.c.s.JwtAuthenticationFilter - Authentication skipped for internal endpoint, uri=/api/v1/admin/internal/notification-recipients
2026-09-18 15:01:13 DEBUG c.s.c.s.JwtAuthenticationFilter - Authentication skipped for internal endpoint, uri=/api/v1/admin/internal/notification-recipients
2026-09-18 15:01:18 DEBUG c.s.c.s.JwtAuthenticationFilter - Authentication skipped for internal endpoint, uri=/api/v1/internal/rule-cache/active-rules
2026-09-18 15:01:18 DEBUG c.s.c.s.JwtAuthenticationFilter - Authentication skipped for internal endpoint, uri=/api/v1/internal/rule-cache/active-decision-policy
2026-09-18 15:01:18 DEBUG c.s.c.s.JwtAuthenticationFilter - Authentication skipped for internal endpoint, uri=/api/v1/internal/rule-cache/active-blacklist-entries
2026-09-18 15:01:43 DEBUG c.s.c.s.JwtAuthenticationFilter - Authentication skipped for internal endpoint, uri=/api/v1/admin/internal/notification-recipients
2026-09-18 15:02:13 DEBUG c.s.c.s.JwtAuthenticationFilter - Authentication skipped for internal endpoint, uri=/api/v1/admin/internal/notification-recipients
2026-09-18 15:02:43 DEBUG c.s.c.s.JwtAuthenticationFilter - Authentication skipped for internal endpoint, uri=/api/v1/admin/internal/notification-recipients
2026-09-18 15:03:13 DEBUG c.s.c.s.JwtAuthenticationFilter - Authentication skipped for internal endpoint, uri=/api/v1/admin/internal/notification-recipients
2026-09-18 15:03:43 DEBUG c.s.c.s.JwtAuthenticationFilter - Authentication skipped for internal endpoint, uri=/api/v1/admin/internal/notification-recipients
2026-09-18 15:04:13 DEBUG c.s.c.s.JwtAuthenticationFilter - Authentication skipped for internal endpoint, uri=/api/v1/admin/internal/notification-recipients
2026-09-18 15:04:43 DEBUG c.s.c.s.JwtAuthenticationFilter - Authentication skipped for internal endpoint, uri=/api/v1/admin/internal/notification-recipients
2026-09-18 15:05:13 DEBUG c.s.c.s.JwtAuthenticationFilter - Authentication skipped for internal endpoint, uri=/api/v1/admin/internal/notification-recipients
2026-09-18 15:05:43 DEBUG c.s.c.s.JwtAuthenticationFilter - Authentication skipped for internal endpoint, uri=/api/v1/admin/internal/notification-recipients
2026-09-18 15:06:13 DEBUG c.s.c.s.JwtAuthenticationFilter - Authentication skipped for internal endpoint, uri=/api/v1/admin/internal/notification-recipients
2026-09-18 15:06:18 DEBUG c.s.c.s.JwtAuthenticationFilter - Authentication skipped for internal endpoint, uri=/api/v1/internal/rule-cache/active-rules
2026-09-18 15:06:18 DEBUG c.s.c.s.JwtAuthenticationFilter - Authentication skipped for internal endpoint, uri=/api/v1/internal/rule-cache/active-decision-policy
2026-09-18 15:06:18 DEBUG c.s.c.s.JwtAuthenticationFilter - Authentication skipped for internal endpoint, uri=/api/v1/internal/rule-cache/active-blacklist-entries
2026-09-18 15:06:43 DEBUG c.s.c.s.JwtAuthenticationFilter - Authentication skipped for internal endpoint, uri=/api/v1/admin/internal/notification-recipients
2026-09-18 15:07:13 DEBUG c.s.c.s.JwtAuthenticationFilter - Authentication skipped for internal endpoint, uri=/api/v1/admin/internal/notification-recipients
2026-09-18 15:07:43 DEBUG c.s.c.s.JwtAuthenticationFilter - Authentication skipped for internal endpoint, uri=/api/v1/admin/internal/notification-recipients
2026-09-18 15:08:13 DEBUG c.s.c.s.JwtAuthenticationFilter - Authentication skipped for internal endpoint, uri=/api/v1/admin/internal/notification-recipients
2026-09-18 15:08:43 DEBUG c.s.c.s.JwtAuthenticationFilter - Authentication skipped for internal endpoint, uri=/api/v1/admin/internal/notification-recipients
2026-09-18 15:09:13 DEBUG c.s.c.s.JwtAuthenticationFilter - Authentication skipped for internal endpoint, uri=/api/v1/admin/internal/notification-recipients
2026-09-18 15:09:43 DEBUG c.s.c.s.JwtAuthenticationFilter - Authentication skipped for internal endpoint, uri=/api/v1/admin/internal/notification-recipients
2026-09-18 15:10:13 DEBUG c.s.c.s.JwtAuthenticationFilter - Authentication skipped for internal endpoint, uri=/api/v1/admin/internal/notification-recipients
2026-09-18 15:10:43 DEBUG c.s.c.s.JwtAuthenticationFilter - Authentication skipped for internal endpoint, uri=/api/v1/admin/internal/notification-recipients
2026-09-18 15:11:13 DEBUG c.s.c.s.JwtAuthenticationFilter - Authentication skipped for internal endpoint, uri=/api/v1/admin/internal/notification-recipients
2026-09-18 15:11:18 DEBUG c.s.c.s.JwtAuthenticationFilter - Authentication skipped for internal endpoint, uri=/api/v1/internal/rule-cache/active-rules
2026-09-18 15:11:18 DEBUG c.s.c.s.JwtAuthenticationFilter - Authentication skipped for internal endpoint, uri=/api/v1/internal/rule-cache/active-decision-policy
2026-09-18 15:11:18 DEBUG c.s.c.s.JwtAuthenticationFilter - Authentication skipped for internal endpoint, uri=/api/v1/internal/rule-cache/active-blacklist-entries
2026-09-18 15:11:43 DEBUG c.s.c.s.JwtAuthenticationFilter - Authentication skipped for internal endpoint, uri=/api/v1/admin/internal/notification-recipients
2026-09-18 15:12:13 DEBUG c.s.c.s.JwtAuthenticationFilter - Authentication skipped for internal endpoint, uri=/api/v1/admin/internal/notification-recipients
2026-09-18 15:12:43 DEBUG c.s.c.s.JwtAuthenticationFilter - Authentication skipped for internal endpoint, uri=/api/v1/admin/internal/notification-recipients
2026-09-18 15:13:13 DEBUG c.s.c.s.JwtAuthenticationFilter - Authentication skipped for internal endpoint, uri=/api/v1/admin/internal/notification-recipients
2026-09-18 15:13:43 DEBUG c.s.c.s.JwtAuthenticationFilter - Authentication skipped for internal endpoint, uri=/api/v1/admin/internal/notification-recipients
2026-09-18 15:14:13 DEBUG c.s.c.s.JwtAuthenticationFilter - Authentication skipped for internal endpoint, uri=/api/v1/admin/internal/notification-recipients
2026-09-18 15:14:43 DEBUG c.s.c.s.JwtAuthenticationFilter - Authentication skipped for internal endpoint, uri=/api/v1/admin/internal/notification-recipients
2026-09-18 15:15:13 DEBUG c.s.c.s.JwtAuthenticationFilter - Authentication skipped for internal endpoint, uri=/api/v1/admin/internal/notification-recipients
2026-09-18 15:15:43 DEBUG c.s.c.s.JwtAuthenticationFilter - Authentication skipped for internal endpoint, uri=/api/v1/admin/internal/notification-recipients
2026-09-18 15:16:13 DEBUG c.s.c.s.JwtAuthenticationFilter - Authentication skipped for internal endpoint, uri=/api/v1/admin/internal/notification-recipients
2026-09-18 15:16:18 DEBUG c.s.c.s.JwtAuthenticationFilter - Authentication skipped for internal endpoint, uri=/api/v1/internal/rule-cache/active-rules
2026-09-18 15:16:18 DEBUG c.s.c.s.JwtAuthenticationFilter - Authentication skipped for internal endpoint, uri=/api/v1/internal/rule-cache/active-decision-policy
2026-09-18 15:16:18 DEBUG c.s.c.s.JwtAuthenticationFilter - Authentication skipped for internal endpoint, uri=/api/v1/internal/rule-cache/active-blacklist-entries
2026-09-18 15:16:43 DEBUG c.s.c.s.JwtAuthenticationFilter - Authentication skipped for internal endpoint, uri=/api/v1/admin/internal/notification-recipients
2026-09-18 15:17:13 DEBUG c.s.c.s.JwtAuthenticationFilter - Authentication skipped for internal endpoint, uri=/api/v1/admin/internal/notification-recipients
2026-09-18 15:17:43 DEBUG c.s.c.s.JwtAuthenticationFilter - Authentication skipped for internal endpoint, uri=/api/v1/admin/internal/notification-recipients
2026-09-18 15:18:14 DEBUG c.s.c.s.JwtAuthenticationFilter - Authentication skipped for internal endpoint, uri=/api/v1/admin/internal/notification-recipients
2026-09-18 15:18:44 DEBUG c.s.c.s.JwtAuthenticationFilter - Authentication skipped for internal endpoint, uri=/api/v1/admin/internal/notification-recipients
2026-09-18 15:19:14 DEBUG c.s.c.s.JwtAuthenticationFilter - Authentication skipped for internal endpoint, uri=/api/v1/admin/internal/notification-recipients
2026-09-18 15:19:44 DEBUG c.s.c.s.JwtAuthenticationFilter - Authentication skipped for internal endpoint, uri=/api/v1/admin/internal/notification-recipients
2026-09-18 15:20:14 DEBUG c.s.c.s.JwtAuthenticationFilter - Authentication skipped for internal endpoint, uri=/api/v1/admin/internal/notification-recipients
2026-09-18 15:20:44 DEBUG c.s.c.s.JwtAuthenticationFilter - Authentication skipped for internal endpoint, uri=/api/v1/admin/internal/notification-recipients
2026-09-18 15:21:14 DEBUG c.s.c.s.JwtAuthenticationFilter - Authentication skipped for internal endpoint, uri=/api/v1/admin/internal/notification-recipients
2026-09-18 15:21:18 DEBUG c.s.c.s.JwtAuthenticationFilter - Authentication skipped for internal endpoint, uri=/api/v1/internal/rule-cache/active-rules
2026-09-18 15:21:18 DEBUG c.s.c.s.JwtAuthenticationFilter - Authentication skipped for internal endpoint, uri=/api/v1/internal/rule-cache/active-decision-policy
2026-09-18 15:21:18 DEBUG c.s.c.s.JwtAuthenticationFilter - Authentication skipped for internal endpoint, uri=/api/v1/internal/rule-cache/active-blacklist-entries
2026-09-18 15:21:44 DEBUG c.s.c.s.JwtAuthenticationFilter - Authentication skipped for internal endpoint, uri=/api/v1/admin/internal/notification-recipients
2026-09-18 15:22:14 DEBUG c.s.c.s.JwtAuthenticationFilter - Authentication skipped for internal endpoint, uri=/api/v1/admin/internal/notification-recipients
2026-09-18 15:22:44 DEBUG c.s.c.s.JwtAuthenticationFilter - Authentication skipped for internal endpoint, uri=/api/v1/admin/internal/notification-recipients
2026-09-18 15:23:14 DEBUG c.s.c.s.JwtAuthenticationFilter - Authentication skipped for internal endpoint, uri=/api/v1/admin/internal/notification-recipients
2026-09-18 15:23:44 DEBUG c.s.c.s.JwtAuthenticationFilter - Authentication skipped for internal endpoint, uri=/api/v1/admin/internal/notification-recipients
2026-09-18 15:24:14 DEBUG c.s.c.s.JwtAuthenticationFilter - Authentication skipped for internal endpoint, uri=/api/v1/admin/internal/notification-recipients
2026-09-18 15:24:44 DEBUG c.s.c.s.JwtAuthenticationFilter - Authentication skipped for internal endpoint, uri=/api/v1/admin/internal/notification-recipients
2026-09-18 15:25:14 DEBUG c.s.c.s.JwtAuthenticationFilter - Authentication skipped for internal endpoint, uri=/api/v1/admin/internal/notification-recipients
2026-09-18 15:25:44 DEBUG c.s.c.s.JwtAuthenticationFilter - Authentication skipped for internal endpoint, uri=/api/v1/admin/internal/notification-recipients
2026-09-18 15:26:14 DEBUG c.s.c.s.JwtAuthenticationFilter - Authentication skipped for internal endpoint, uri=/api/v1/admin/internal/notification-recipients
2026-09-18 15:26:18 DEBUG c.s.c.s.JwtAuthenticationFilter - Authentication skipped for internal endpoint, uri=/api/v1/internal/rule-cache/active-rules
2026-09-18 15:26:19 DEBUG c.s.c.s.JwtAuthenticationFilter - Authentication skipped for internal endpoint, uri=/api/v1/internal/rule-cache/active-decision-policy
2026-09-18 15:26:19 DEBUG c.s.c.s.JwtAuthenticationFilter - Authentication skipped for internal endpoint, uri=/api/v1/internal/rule-cache/active-blacklist-entries
2026-09-18 15:26:44 DEBUG c.s.c.s.JwtAuthenticationFilter - Authentication skipped for internal endpoint, uri=/api/v1/admin/internal/notification-recipients
2026-09-18 15:27:14 DEBUG c.s.c.s.JwtAuthenticationFilter - Authentication skipped for internal endpoint, uri=/api/v1/admin/internal/notification-recipients
2026-09-18 15:27:44 DEBUG c.s.c.s.JwtAuthenticationFilter - Authentication skipped for internal endpoint, uri=/api/v1/admin/internal/notification-recipients
2026-09-18 15:28:14 DEBUG c.s.c.s.JwtAuthenticationFilter - Authentication skipped for internal endpoint, uri=/api/v1/admin/internal/notification-recipients
2026-09-18 15:28:44 DEBUG c.s.c.s.JwtAuthenticationFilter - Authentication skipped for internal endpoint, uri=/api/v1/admin/internal/notification-recipients
2026-09-18 15:29:14 DEBUG c.s.c.s.JwtAuthenticationFilter - Authentication skipped for internal endpoint, uri=/api/v1/admin/internal/notification-recipients
2026-09-18 15:34:10 DEBUG c.s.c.s.JwtAuthenticationFilter - Authentication skipped for internal endpoint, uri=/api/v1/admin/internal/notification-recipients
2026-09-18 15:34:12 WARN  com.zaxxer.hikari.pool.HikariPool - HikariPool-1 - Thread starvation or clock leap detected (housekeeper delta=4m57s521ms529µs100ns).
2026-09-18 15:34:13 DEBUG c.s.c.s.JwtAuthenticationFilter - Authentication successful, userId=1, uri=/api/v1/fraud-rule
2026-09-18 15:34:13 DEBUG c.s.c.s.JwtAuthenticationFilter - Authentication successful, userId=1, uri=/api/v1/admin/rule-category/list
2026-09-18 15:34:13 WARN  c.s.c.e.GlobalExceptionHandler - Endpoint not found exception handled: No static resource api/v1/admin/rule-category/list.
2026-09-18 15:34:13 DEBUG c.s.c.s.JwtAuthenticationFilter - Authentication successful, userId=1, uri=/api/v1/admin/rule-category/list
2026-09-18 15:34:13 WARN  c.s.c.e.GlobalExceptionHandler - Endpoint not found exception handled: No static resource api/v1/admin/rule-category/list.
2026-09-18 15:34:13 DEBUG c.s.c.s.JwtAuthenticationFilter - Authentication successful, userId=1, uri=/api/v1/fraud-rule
2026-09-18 15:34:13 DEBUG c.s.c.s.JwtAuthenticationFilter - Authentication successful, userId=1, uri=/api/v1/rule-category/list
2026-09-18 15:34:13 DEBUG c.s.c.s.JwtAuthenticationFilter - Authentication successful, userId=1, uri=/api/v1/rule-category/list
2026-09-18 15:34:40 DEBUG c.s.c.s.JwtAuthenticationFilter - Authentication skipped for internal endpoint, uri=/api/v1/admin/internal/notification-recipients
2026-09-18 15:35:10 DEBUG c.s.c.s.JwtAuthenticationFilter - Authentication skipped for internal endpoint, uri=/api/v1/admin/internal/notification-recipients
2026-09-18 15:35:40 DEBUG c.s.c.s.JwtAuthenticationFilter - Authentication skipped for internal endpoint, uri=/api/v1/admin/internal/notification-recipients
2026-09-18 15:35:46 DEBUG c.s.c.s.JwtAuthenticationFilter - Authentication skipped for internal endpoint, uri=/api/v1/internal/rule-cache/active-rules
2026-09-18 15:35:46 DEBUG c.s.c.s.JwtAuthenticationFilter - Authentication skipped for internal endpoint, uri=/api/v1/internal/rule-cache/active-decision-policy
2026-09-18 15:35:46 DEBUG c.s.c.s.JwtAuthenticationFilter - Authentication skipped for internal endpoint, uri=/api/v1/internal/rule-cache/active-blacklist-entries
2026-09-18 15:36:10 DEBUG c.s.c.s.JwtAuthenticationFilter - Authentication skipped for internal endpoint, uri=/api/v1/admin/internal/notification-recipients
2026-09-18 15:36:40 DEBUG c.s.c.s.JwtAuthenticationFilter - Authentication skipped for internal endpoint, uri=/api/v1/admin/internal/notification-recipients
2026-09-18 15:37:10 DEBUG c.s.c.s.JwtAuthenticationFilter - Authentication skipped for internal endpoint, uri=/api/v1/admin/internal/notification-recipients
2026-09-18 15:37:40 DEBUG c.s.c.s.JwtAuthenticationFilter - Authentication skipped for internal endpoint, uri=/api/v1/admin/internal/notification-recipients
2026-09-18 15:38:10 DEBUG c.s.c.s.JwtAuthenticationFilter - Authentication skipped for internal endpoint, uri=/api/v1/admin/internal/notification-recipients
2026-09-18 15:38:40 DEBUG c.s.c.s.JwtAuthenticationFilter - Authentication skipped for internal endpoint, uri=/api/v1/admin/internal/notification-recipients
2026-09-18 15:39:10 DEBUG c.s.c.s.JwtAuthenticationFilter - Authentication skipped for internal endpoint, uri=/api/v1/admin/internal/notification-recipients
2026-09-18 15:39:40 DEBUG c.s.c.s.JwtAuthenticationFilter - Authentication skipped for internal endpoint, uri=/api/v1/admin/internal/notification-recipients
2026-09-18 15:40:10 DEBUG c.s.c.s.JwtAuthenticationFilter - Authentication skipped for internal endpoint, uri=/api/v1/admin/internal/notification-recipients
2026-09-18 15:40:40 DEBUG c.s.c.s.JwtAuthenticationFilter - Authentication skipped for internal endpoint, uri=/api/v1/admin/internal/notification-recipients
2026-09-18 15:40:46 DEBUG c.s.c.s.JwtAuthenticationFilter - Authentication skipped for internal endpoint, uri=/api/v1/internal/rule-cache/active-rules
2026-09-18 15:40:46 DEBUG c.s.c.s.JwtAuthenticationFilter - Authentication skipped for internal endpoint, uri=/api/v1/internal/rule-cache/active-decision-policy
2026-09-18 15:40:46 DEBUG c.s.c.s.JwtAuthenticationFilter - Authentication skipped for internal endpoint, uri=/api/v1/internal/rule-cache/active-blacklist-entries
2026-09-18 15:41:10 DEBUG c.s.c.s.JwtAuthenticationFilter - Authentication skipped for internal endpoint, uri=/api/v1/admin/internal/notification-recipients
2026-09-18 15:41:40 DEBUG c.s.c.s.JwtAuthenticationFilter - Authentication skipped for internal endpoint, uri=/api/v1/admin/internal/notification-recipients
2026-09-18 15:42:10 DEBUG c.s.c.s.JwtAuthenticationFilter - Authentication skipped for internal endpoint, uri=/api/v1/admin/internal/notification-recipients
2026-09-18 15:42:40 DEBUG c.s.c.s.JwtAuthenticationFilter - Authentication skipped for internal endpoint, uri=/api/v1/admin/internal/notification-recipients
2026-09-18 15:43:10 DEBUG c.s.c.s.JwtAuthenticationFilter - Authentication skipped for internal endpoint, uri=/api/v1/admin/internal/notification-recipients
2026-09-18 15:43:40 DEBUG c.s.c.s.JwtAuthenticationFilter - Authentication skipped for internal endpoint, uri=/api/v1/admin/internal/notification-recipients
2026-09-18 15:44:10 DEBUG c.s.c.s.JwtAuthenticationFilter - Authentication skipped for internal endpoint, uri=/api/v1/admin/internal/notification-recipients
2026-09-18 15:44:40 DEBUG c.s.c.s.JwtAuthenticationFilter - Authentication skipped for internal endpoint, uri=/api/v1/admin/internal/notification-recipients
2026-09-18 15:45:10 DEBUG c.s.c.s.JwtAuthenticationFilter - Authentication skipped for internal endpoint, uri=/api/v1/admin/internal/notification-recipients
2026-09-18 15:45:40 DEBUG c.s.c.s.JwtAuthenticationFilter - Authentication skipped for internal endpoint, uri=/api/v1/admin/internal/notification-recipients
2026-09-18 15:45:46 DEBUG c.s.c.s.JwtAuthenticationFilter - Authentication skipped for internal endpoint, uri=/api/v1/internal/rule-cache/active-rules
2026-09-18 15:45:46 DEBUG c.s.c.s.JwtAuthenticationFilter - Authentication skipped for internal endpoint, uri=/api/v1/internal/rule-cache/active-decision-policy
2026-09-18 15:45:46 DEBUG c.s.c.s.JwtAuthenticationFilter - Authentication skipped for internal endpoint, uri=/api/v1/internal/rule-cache/active-blacklist-entries
2026-09-18 15:46:10 DEBUG c.s.c.s.JwtAuthenticationFilter - Authentication skipped for internal endpoint, uri=/api/v1/admin/internal/notification-recipients
2026-09-18 15:48:41 DEBUG c.s.c.s.JwtAuthenticationFilter - Authentication skipped for internal endpoint, uri=/api/v1/admin/internal/notification-recipients
2026-09-18 15:48:43 WARN  com.zaxxer.hikari.pool.HikariPool - HikariPool-1 - Thread starvation or clock leap detected (housekeeper delta=2m30s379ms90µs600ns).
2026-09-18 15:49:04 DEBUG c.s.c.s.JwtAuthenticationFilter - Authentication successful, userId=1, uri=/api/v1/admin/blacklist-entries
2026-09-18 15:49:04 INFO  c.s.b.s.BlacklistEntryServiceImpl - Fetch all blacklist entries service started, page=0, size=10
2026-09-18 15:49:04 INFO  c.s.b.s.BlacklistEntryServiceImpl - Blacklist entries fetched successfully, count=1
2026-09-18 15:49:04 DEBUG c.s.c.s.JwtAuthenticationFilter - Authentication successful, userId=1, uri=/api/v1/admin/blacklist-entries
2026-09-18 15:49:04 INFO  c.s.b.s.BlacklistEntryServiceImpl - Fetch all blacklist entries service started, page=0, size=10
2026-09-18 15:49:04 INFO  c.s.b.s.BlacklistEntryServiceImpl - Blacklist entries fetched successfully, count=1
2026-09-18 15:49:11 DEBUG c.s.c.s.JwtAuthenticationFilter - Authentication skipped for internal endpoint, uri=/api/v1/admin/internal/notification-recipients
2026-09-18 15:49:41 DEBUG c.s.c.s.JwtAuthenticationFilter - Authentication skipped for internal endpoint, uri=/api/v1/admin/internal/notification-recipients
2026-09-18 15:50:11 DEBUG c.s.c.s.JwtAuthenticationFilter - Authentication skipped for internal endpoint, uri=/api/v1/admin/internal/notification-recipients
2026-09-18 15:50:41 DEBUG c.s.c.s.JwtAuthenticationFilter - Authentication skipped for internal endpoint, uri=/api/v1/admin/internal/notification-recipients
2026-09-18 15:51:11 DEBUG c.s.c.s.JwtAuthenticationFilter - Authentication skipped for internal endpoint, uri=/api/v1/admin/internal/notification-recipients
2026-09-18 15:51:41 DEBUG c.s.c.s.JwtAuthenticationFilter - Authentication skipped for internal endpoint, uri=/api/v1/admin/internal/notification-recipients
2026-09-18 15:52:11 DEBUG c.s.c.s.JwtAuthenticationFilter - Authentication skipped for internal endpoint, uri=/api/v1/admin/internal/notification-recipients
2026-09-18 15:52:41 DEBUG c.s.c.s.JwtAuthenticationFilter - Authentication skipped for internal endpoint, uri=/api/v1/admin/internal/notification-recipients
2026-09-18 15:52:47 DEBUG c.s.c.s.JwtAuthenticationFilter - Authentication skipped for internal endpoint, uri=/api/v1/internal/rule-cache/active-rules
2026-09-18 15:52:47 DEBUG c.s.c.s.JwtAuthenticationFilter - Authentication skipped for internal endpoint, uri=/api/v1/internal/rule-cache/active-decision-policy
2026-09-18 15:52:47 DEBUG c.s.c.s.JwtAuthenticationFilter - Authentication skipped for internal endpoint, uri=/api/v1/internal/rule-cache/active-blacklist-entries
2026-09-18 15:53:11 DEBUG c.s.c.s.JwtAuthenticationFilter - Authentication skipped for internal endpoint, uri=/api/v1/admin/internal/notification-recipients
2026-09-18 15:53:41 DEBUG c.s.c.s.JwtAuthenticationFilter - Authentication skipped for internal endpoint, uri=/api/v1/admin/internal/notification-recipients
2026-09-18 15:54:11 DEBUG c.s.c.s.JwtAuthenticationFilter - Authentication skipped for internal endpoint, uri=/api/v1/admin/internal/notification-recipients
2026-09-18 15:54:26 DEBUG c.s.c.s.JwtAuthenticationFilter - Authentication successful, userId=1, uri=/api/v1/admin/blacklist-entries
2026-09-18 15:54:26 INFO  c.s.b.s.BlacklistEntryServiceImpl - Fetch all blacklist entries service started, page=0, size=10
2026-09-18 15:54:26 INFO  c.s.b.s.BlacklistEntryServiceImpl - Blacklist entries fetched successfully, count=1
2026-09-18 15:54:26 DEBUG c.s.c.s.JwtAuthenticationFilter - Authentication successful, userId=1, uri=/api/v1/admin/blacklist-entries
2026-09-18 15:54:26 INFO  c.s.b.s.BlacklistEntryServiceImpl - Fetch all blacklist entries service started, page=0, size=10
2026-09-18 15:54:26 INFO  c.s.b.s.BlacklistEntryServiceImpl - Blacklist entries fetched successfully, count=1
2026-09-18 15:54:41 DEBUG c.s.c.s.JwtAuthenticationFilter - Authentication skipped for internal endpoint, uri=/api/v1/admin/internal/notification-recipients
2026-09-18 15:55:11 DEBUG c.s.c.s.JwtAuthenticationFilter - Authentication skipped for internal endpoint, uri=/api/v1/admin/internal/notification-recipients
2026-09-18 15:55:41 DEBUG c.s.c.s.JwtAuthenticationFilter - Authentication skipped for internal endpoint, uri=/api/v1/admin/internal/notification-recipients
2026-09-18 15:56:11 DEBUG c.s.c.s.JwtAuthenticationFilter - Authentication skipped for internal endpoint, uri=/api/v1/admin/internal/notification-recipients
2026-09-18 15:56:41 DEBUG c.s.c.s.JwtAuthenticationFilter - Authentication skipped for internal endpoint, uri=/api/v1/admin/internal/notification-recipients
2026-09-18 15:57:11 DEBUG c.s.c.s.JwtAuthenticationFilter - Authentication skipped for internal endpoint, uri=/api/v1/admin/internal/notification-recipients
2026-09-18 15:57:41 DEBUG c.s.c.s.JwtAuthenticationFilter - Authentication skipped for internal endpoint, uri=/api/v1/admin/internal/notification-recipients
2026-09-18 15:57:47 DEBUG c.s.c.s.JwtAuthenticationFilter - Authentication skipped for internal endpoint, uri=/api/v1/internal/rule-cache/active-rules
2026-09-18 15:57:47 DEBUG c.s.c.s.JwtAuthenticationFilter - Authentication skipped for internal endpoint, uri=/api/v1/internal/rule-cache/active-decision-policy
2026-09-18 15:57:47 DEBUG c.s.c.s.JwtAuthenticationFilter - Authentication skipped for internal endpoint, uri=/api/v1/internal/rule-cache/active-blacklist-entries
2026-09-18 15:58:11 DEBUG c.s.c.s.JwtAuthenticationFilter - Authentication skipped for internal endpoint, uri=/api/v1/admin/internal/notification-recipients
2026-09-18 15:58:41 DEBUG c.s.c.s.JwtAuthenticationFilter - Authentication skipped for internal endpoint, uri=/api/v1/admin/internal/notification-recipients
2026-09-18 15:59:11 DEBUG c.s.c.s.JwtAuthenticationFilter - Authentication skipped for internal endpoint, uri=/api/v1/admin/internal/notification-recipients
2026-09-18 15:59:41 DEBUG c.s.c.s.JwtAuthenticationFilter - Authentication skipped for internal endpoint, uri=/api/v1/admin/internal/notification-recipients
2026-09-18 16:00:11 DEBUG c.s.c.s.JwtAuthenticationFilter - Authentication skipped for internal endpoint, uri=/api/v1/admin/internal/notification-recipients
2026-09-18 16:00:41 DEBUG c.s.c.s.JwtAuthenticationFilter - Authentication skipped for internal endpoint, uri=/api/v1/admin/internal/notification-recipients
2026-09-18 16:01:11 DEBUG c.s.c.s.JwtAuthenticationFilter - Authentication skipped for internal endpoint, uri=/api/v1/admin/internal/notification-recipients
2026-09-18 16:01:41 DEBUG c.s.c.s.JwtAuthenticationFilter - Authentication skipped for internal endpoint, uri=/api/v1/admin/internal/notification-recipients
2026-09-18 16:02:11 DEBUG c.s.c.s.JwtAuthenticationFilter - Authentication skipped for internal endpoint, uri=/api/v1/admin/internal/notification-recipients
2026-09-18 16:02:41 DEBUG c.s.c.s.JwtAuthenticationFilter - Authentication skipped for internal endpoint, uri=/api/v1/admin/internal/notification-recipients
2026-09-18 16:02:47 DEBUG c.s.c.s.JwtAuthenticationFilter - Authentication skipped for internal endpoint, uri=/api/v1/internal/rule-cache/active-rules
2026-09-18 16:02:47 DEBUG c.s.c.s.JwtAuthenticationFilter - Authentication skipped for internal endpoint, uri=/api/v1/internal/rule-cache/active-decision-policy
2026-09-18 16:02:47 DEBUG c.s.c.s.JwtAuthenticationFilter - Authentication skipped for internal endpoint, uri=/api/v1/internal/rule-cache/active-blacklist-entries
2026-09-18 16:03:11 DEBUG c.s.c.s.JwtAuthenticationFilter - Authentication skipped for internal endpoint, uri=/api/v1/admin/internal/notification-recipients
2026-09-18 16:03:41 DEBUG c.s.c.s.JwtAuthenticationFilter - Authentication skipped for internal endpoint, uri=/api/v1/admin/internal/notification-recipients
2026-09-18 16:04:11 DEBUG c.s.c.s.JwtAuthenticationFilter - Authentication successful, userId=1, uri=/api/v1/admin/blacklist-entries
2026-09-18 16:04:11 INFO  c.s.b.s.BlacklistEntryServiceImpl - Fetch all blacklist entries service started, page=0, size=10
2026-09-18 16:04:11 INFO  c.s.b.s.BlacklistEntryServiceImpl - Blacklist entries fetched successfully, count=1
2026-09-18 16:04:11 DEBUG c.s.c.s.JwtAuthenticationFilter - Authentication skipped for internal endpoint, uri=/api/v1/admin/internal/notification-recipients
2026-09-18 16:04:19 DEBUG c.s.c.s.JwtAuthenticationFilter - Authentication successful, userId=1, uri=/api/v1/admin/blacklist-entries
2026-09-18 16:04:19 INFO  c.s.b.s.BlacklistEntryServiceImpl - Fetch all blacklist entries service started, page=0, size=10
2026-09-18 16:04:19 INFO  c.s.b.s.BlacklistEntryServiceImpl - Blacklist entries fetched successfully, count=1
2026-09-18 16:04:38 DEBUG c.s.c.s.JwtAuthenticationFilter - Authentication successful, userId=1, uri=/api/v1/fraud-rule
2026-09-18 16:04:38 DEBUG c.s.c.s.JwtAuthenticationFilter - Authentication successful, userId=1, uri=/api/v1/admin/rule-category/list
2026-09-18 16:04:38 WARN  c.s.c.e.GlobalExceptionHandler - Endpoint not found exception handled: No static resource api/v1/admin/rule-category/list.
2026-09-18 16:04:38 DEBUG c.s.c.s.JwtAuthenticationFilter - Authentication successful, userId=1, uri=/api/v1/rule-category/list
2026-09-18 16:04:38 DEBUG c.s.c.s.JwtAuthenticationFilter - Authentication successful, userId=1, uri=/api/v1/admin/rule-category/list
2026-09-18 16:04:38 WARN  c.s.c.e.GlobalExceptionHandler - Endpoint not found exception handled: No static resource api/v1/admin/rule-category/list.
2026-09-18 16:04:38 DEBUG c.s.c.s.JwtAuthenticationFilter - Authentication successful, userId=1, uri=/api/v1/fraud-rule
2026-09-18 16:04:38 DEBUG c.s.c.s.JwtAuthenticationFilter - Authentication successful, userId=1, uri=/api/v1/rule-category/list
2026-09-18 16:04:41 DEBUG c.s.c.s.JwtAuthenticationFilter - Authentication skipped for internal endpoint, uri=/api/v1/admin/internal/notification-recipients
2026-09-18 16:05:11 DEBUG c.s.c.s.JwtAuthenticationFilter - Authentication skipped for internal endpoint, uri=/api/v1/admin/internal/notification-recipients
2026-09-18 16:05:41 DEBUG c.s.c.s.JwtAuthenticationFilter - Authentication skipped for internal endpoint, uri=/api/v1/admin/internal/notification-recipients
2026-09-18 16:05:52 DEBUG c.s.c.s.JwtAuthenticationFilter - Authentication successful, userId=1, uri=/api/v1/decision-policy/latest
2026-09-18 16:05:53 DEBUG c.s.c.s.JwtAuthenticationFilter - Authentication successful, userId=1, uri=/api/v1/decision-policy/latest
2026-09-18 16:06:11 DEBUG c.s.c.s.JwtAuthenticationFilter - Authentication skipped for internal endpoint, uri=/api/v1/admin/internal/notification-recipients
2026-09-18 16:06:41 DEBUG c.s.c.s.JwtAuthenticationFilter - Authentication skipped for internal endpoint, uri=/api/v1/admin/internal/notification-recipients
2026-09-18 16:07:11 DEBUG c.s.c.s.JwtAuthenticationFilter - Authentication skipped for internal endpoint, uri=/api/v1/admin/internal/notification-recipients
2026-09-18 16:07:42 DEBUG c.s.c.s.JwtAuthenticationFilter - Authentication skipped for internal endpoint, uri=/api/v1/admin/internal/notification-recipients
2026-09-18 16:07:47 DEBUG c.s.c.s.JwtAuthenticationFilter - Authentication skipped for internal endpoint, uri=/api/v1/internal/rule-cache/active-rules
2026-09-18 16:07:47 DEBUG c.s.c.s.JwtAuthenticationFilter - Authentication skipped for internal endpoint, uri=/api/v1/internal/rule-cache/active-decision-policy
2026-09-18 16:07:47 DEBUG c.s.c.s.JwtAuthenticationFilter - Authentication skipped for internal endpoint, uri=/api/v1/internal/rule-cache/active-blacklist-entries
2026-09-18 16:08:12 DEBUG c.s.c.s.JwtAuthenticationFilter - Authentication skipped for internal endpoint, uri=/api/v1/admin/internal/notification-recipients
2026-09-18 16:08:19 DEBUG c.s.c.s.JwtAuthenticationFilter - Authentication successful, userId=1, uri=/api/v1/admin/rule-category/list
2026-09-18 16:08:19 WARN  c.s.c.e.GlobalExceptionHandler - Endpoint not found exception handled: No static resource api/v1/admin/rule-category/list.
2026-09-18 16:08:19 DEBUG c.s.c.s.JwtAuthenticationFilter - Authentication successful, userId=1, uri=/api/v1/admin/rule-category/list
2026-09-18 16:08:19 WARN  c.s.c.e.GlobalExceptionHandler - Endpoint not found exception handled: No static resource api/v1/admin/rule-category/list.
2026-09-18 16:08:19 DEBUG c.s.c.s.JwtAuthenticationFilter - Authentication successful, userId=1, uri=/api/v1/rule-category/list
2026-09-18 16:08:19 DEBUG c.s.c.s.JwtAuthenticationFilter - Authentication successful, userId=1, uri=/api/v1/rule-category/list
2026-09-18 16:08:42 DEBUG c.s.c.s.JwtAuthenticationFilter - Authentication skipped for internal endpoint, uri=/api/v1/admin/internal/notification-recipients
2026-09-18 16:09:12 DEBUG c.s.c.s.JwtAuthenticationFilter - Authentication skipped for internal endpoint, uri=/api/v1/admin/internal/notification-recipients
2026-09-18 16:09:42 DEBUG c.s.c.s.JwtAuthenticationFilter - Authentication skipped for internal endpoint, uri=/api/v1/admin/internal/notification-recipients
2026-09-18 16:10:12 DEBUG c.s.c.s.JwtAuthenticationFilter - Authentication skipped for internal endpoint, uri=/api/v1/admin/internal/notification-recipients
2026-09-18 16:10:42 DEBUG c.s.c.s.JwtAuthenticationFilter - Authentication skipped for internal endpoint, uri=/api/v1/admin/internal/notification-recipients
2026-09-18 16:11:12 DEBUG c.s.c.s.JwtAuthenticationFilter - Authentication skipped for internal endpoint, uri=/api/v1/admin/internal/notification-recipients
2026-09-18 16:11:42 DEBUG c.s.c.s.JwtAuthenticationFilter - Authentication skipped for internal endpoint, uri=/api/v1/admin/internal/notification-recipients
2026-09-18 16:12:12 DEBUG c.s.c.s.JwtAuthenticationFilter - Authentication skipped for internal endpoint, uri=/api/v1/admin/internal/notification-recipients
2026-09-18 16:12:42 DEBUG c.s.c.s.JwtAuthenticationFilter - Authentication skipped for internal endpoint, uri=/api/v1/admin/internal/notification-recipients
2026-09-18 16:12:47 DEBUG c.s.c.s.JwtAuthenticationFilter - Authentication skipped for internal endpoint, uri=/api/v1/internal/rule-cache/active-rules
2026-09-18 16:12:47 DEBUG c.s.c.s.JwtAuthenticationFilter - Authentication skipped for internal endpoint, uri=/api/v1/internal/rule-cache/active-decision-policy
2026-09-18 16:12:47 DEBUG c.s.c.s.JwtAuthenticationFilter - Authentication skipped for internal endpoint, uri=/api/v1/internal/rule-cache/active-blacklist-entries
2026-09-18 16:13:12 DEBUG c.s.c.s.JwtAuthenticationFilter - Authentication skipped for internal endpoint, uri=/api/v1/admin/internal/notification-recipients
2026-09-18 16:13:42 DEBUG c.s.c.s.JwtAuthenticationFilter - Authentication successful, userId=1, uri=/api/v1/admin/blacklist-entries
2026-09-18 16:13:42 INFO  c.s.b.s.BlacklistEntryServiceImpl - Fetch all blacklist entries service started, page=0, size=10
2026-09-18 16:13:42 INFO  c.s.b.s.BlacklistEntryServiceImpl - Blacklist entries fetched successfully, count=1
2026-09-18 16:13:42 DEBUG c.s.c.s.JwtAuthenticationFilter - Authentication successful, userId=1, uri=/api/v1/admin/blacklist-entries
2026-09-18 16:13:42 INFO  c.s.b.s.BlacklistEntryServiceImpl - Fetch all blacklist entries service started, page=0, size=10
2026-09-18 16:13:42 INFO  c.s.b.s.BlacklistEntryServiceImpl - Blacklist entries fetched successfully, count=1
2026-09-18 16:13:42 DEBUG c.s.c.s.JwtAuthenticationFilter - Authentication skipped for internal endpoint, uri=/api/v1/admin/internal/notification-recipients
2026-09-18 16:14:09 DEBUG c.s.c.s.JwtAuthenticationFilter - Authentication successful, userId=1, uri=/api/v1/admin/blacklist-entries
2026-09-18 16:14:09 INFO  c.s.b.s.BlacklistEntryServiceImpl - Add blacklist entry service started, type=Location
2026-09-18 16:14:10 INFO  c.s.b.s.BlacklistEntryServiceImpl - Blacklist entry added successfully, id=2, type=LOCATION
2026-09-18 16:14:10 DEBUG c.s.c.s.JwtAuthenticationFilter - Authentication successful, userId=1, uri=/api/v1/admin/blacklist-entries
2026-09-18 16:14:10 INFO  c.s.b.s.BlacklistEntryServiceImpl - Fetch all blacklist entries service started, page=0, size=10
2026-09-18 16:14:10 INFO  c.s.b.s.BlacklistEntryServiceImpl - Blacklist entries fetched successfully, count=2
2026-09-18 16:14:12 DEBUG c.s.c.s.JwtAuthenticationFilter - Authentication skipped for internal endpoint, uri=/api/v1/admin/internal/notification-recipients
2026-09-18 16:14:22 DEBUG c.s.c.s.JwtAuthenticationFilter - Authentication successful, userId=1, uri=/api/v1/admin/blacklist-entries
2026-09-18 16:14:22 INFO  c.s.b.s.BlacklistEntryServiceImpl - Fetch all blacklist entries service started, page=0, size=10
2026-09-18 16:14:22 INFO  c.s.b.s.BlacklistEntryServiceImpl - Blacklist entries fetched successfully, count=2
2026-09-18 16:14:22 DEBUG c.s.c.s.JwtAuthenticationFilter - Authentication successful, userId=1, uri=/api/v1/admin/blacklist-entries
2026-09-18 16:14:22 INFO  c.s.b.s.BlacklistEntryServiceImpl - Fetch all blacklist entries service started, page=0, size=10
2026-09-18 16:14:22 INFO  c.s.b.s.BlacklistEntryServiceImpl - Blacklist entries fetched successfully, count=2
2026-09-18 16:14:42 DEBUG c.s.c.s.JwtAuthenticationFilter - Authentication skipped for internal endpoint, uri=/api/v1/admin/internal/notification-recipients
2026-09-18 16:15:12 DEBUG c.s.c.s.JwtAuthenticationFilter - Authentication skipped for internal endpoint, uri=/api/v1/admin/internal/notification-recipients
2026-09-18 16:15:42 DEBUG c.s.c.s.JwtAuthenticationFilter - Authentication skipped for internal endpoint, uri=/api/v1/admin/internal/notification-recipients
2026-09-18 16:16:12 DEBUG c.s.c.s.JwtAuthenticationFilter - Authentication skipped for internal endpoint, uri=/api/v1/admin/internal/notification-recipients
2026-09-18 16:16:42 DEBUG c.s.c.s.JwtAuthenticationFilter - Authentication skipped for internal endpoint, uri=/api/v1/admin/internal/notification-recipients
2026-09-18 16:17:12 DEBUG c.s.c.s.JwtAuthenticationFilter - Authentication skipped for internal endpoint, uri=/api/v1/admin/internal/notification-recipients
2026-09-18 16:17:42 DEBUG c.s.c.s.JwtAuthenticationFilter - Authentication skipped for internal endpoint, uri=/api/v1/admin/internal/notification-recipients
2026-09-18 16:17:47 DEBUG c.s.c.s.JwtAuthenticationFilter - Authentication skipped for internal endpoint, uri=/api/v1/internal/rule-cache/active-rules
2026-09-18 16:17:47 DEBUG c.s.c.s.JwtAuthenticationFilter - Authentication skipped for internal endpoint, uri=/api/v1/internal/rule-cache/active-decision-policy
2026-09-18 16:17:47 DEBUG c.s.c.s.JwtAuthenticationFilter - Authentication skipped for internal endpoint, uri=/api/v1/internal/rule-cache/active-blacklist-entries
2026-09-18 16:18:12 DEBUG c.s.c.s.JwtAuthenticationFilter - Authentication skipped for internal endpoint, uri=/api/v1/admin/internal/notification-recipients
2026-09-18 16:18:42 DEBUG c.s.c.s.JwtAuthenticationFilter - Authentication skipped for internal endpoint, uri=/api/v1/admin/internal/notification-recipients
2026-09-18 16:19:12 DEBUG c.s.c.s.JwtAuthenticationFilter - Authentication skipped for internal endpoint, uri=/api/v1/admin/internal/notification-recipients
2026-09-18 16:19:42 DEBUG c.s.c.s.JwtAuthenticationFilter - Authentication skipped for internal endpoint, uri=/api/v1/admin/internal/notification-recipients
2026-09-18 16:20:12 DEBUG c.s.c.s.JwtAuthenticationFilter - Authentication skipped for internal endpoint, uri=/api/v1/admin/internal/notification-recipients
2026-09-18 16:20:42 DEBUG c.s.c.s.JwtAuthenticationFilter - Authentication skipped for internal endpoint, uri=/api/v1/admin/internal/notification-recipients
2026-09-18 16:21:12 DEBUG c.s.c.s.JwtAuthenticationFilter - Authentication skipped for internal endpoint, uri=/api/v1/admin/internal/notification-recipients
2026-09-18 16:21:42 DEBUG c.s.c.s.JwtAuthenticationFilter - Authentication skipped for internal endpoint, uri=/api/v1/admin/internal/notification-recipients
2026-09-18 16:22:12 DEBUG c.s.c.s.JwtAuthenticationFilter - Authentication skipped for internal endpoint, uri=/api/v1/admin/internal/notification-recipients
2026-09-18 16:22:42 DEBUG c.s.c.s.JwtAuthenticationFilter - Authentication skipped for internal endpoint, uri=/api/v1/admin/internal/notification-recipients
2026-09-18 16:22:48 DEBUG c.s.c.s.JwtAuthenticationFilter - Authentication skipped for internal endpoint, uri=/api/v1/internal/rule-cache/active-rules
2026-09-18 16:22:48 DEBUG c.s.c.s.JwtAuthenticationFilter - Authentication skipped for internal endpoint, uri=/api/v1/internal/rule-cache/active-decision-policy
2026-09-18 16:22:48 DEBUG c.s.c.s.JwtAuthenticationFilter - Authentication skipped for internal endpoint, uri=/api/v1/internal/rule-cache/active-blacklist-entries
2026-09-18 16:23:12 DEBUG c.s.c.s.JwtAuthenticationFilter - Authentication skipped for internal endpoint, uri=/api/v1/admin/internal/notification-recipients
2026-09-18 16:23:42 DEBUG c.s.c.s.JwtAuthenticationFilter - Authentication skipped for internal endpoint, uri=/api/v1/admin/internal/notification-recipients
2026-09-18 16:24:12 DEBUG c.s.c.s.JwtAuthenticationFilter - Authentication skipped for internal endpoint, uri=/api/v1/admin/internal/notification-recipients
2026-09-18 16:24:42 DEBUG c.s.c.s.JwtAuthenticationFilter - Authentication skipped for internal endpoint, uri=/api/v1/admin/internal/notification-recipients
2026-09-18 16:25:38 WARN  com.zaxxer.hikari.pool.HikariPool - HikariPool-1 - Thread starvation or clock leap detected (housekeeper delta=1m24s712ms727µs100ns).
2026-09-18 16:25:47 DEBUG c.s.c.s.JwtAuthenticationFilter - Authentication successful, userId=1, uri=/api/v1/admin/blacklist-entries
2026-09-18 16:25:47 INFO  c.s.b.s.BlacklistEntryServiceImpl - Fetch all blacklist entries service started, page=0, size=10
2026-09-18 16:25:47 INFO  c.s.b.s.BlacklistEntryServiceImpl - Blacklist entries fetched successfully, count=2
2026-09-18 16:25:47 DEBUG c.s.c.s.JwtAuthenticationFilter - Authentication successful, userId=1, uri=/api/v1/admin/blacklist-entries
2026-09-18 16:25:47 INFO  c.s.b.s.BlacklistEntryServiceImpl - Fetch all blacklist entries service started, page=0, size=10
2026-09-18 16:25:47 INFO  c.s.b.s.BlacklistEntryServiceImpl - Blacklist entries fetched successfully, count=2
2026-09-18 16:26:07 DEBUG c.s.c.s.JwtAuthenticationFilter - Authentication skipped for internal endpoint, uri=/api/v1/admin/internal/notification-recipients
2026-09-18 16:26:37 DEBUG c.s.c.s.JwtAuthenticationFilter - Authentication skipped for internal endpoint, uri=/api/v1/admin/internal/notification-recipients
2026-09-18 16:27:07 DEBUG c.s.c.s.JwtAuthenticationFilter - Authentication skipped for internal endpoint, uri=/api/v1/admin/internal/notification-recipients
2026-09-18 16:27:37 DEBUG c.s.c.s.JwtAuthenticationFilter - Authentication skipped for internal endpoint, uri=/api/v1/admin/internal/notification-recipients
2026-09-18 16:28:07 DEBUG c.s.c.s.JwtAuthenticationFilter - Authentication skipped for internal endpoint, uri=/api/v1/admin/internal/notification-recipients
2026-09-18 16:28:37 DEBUG c.s.c.s.JwtAuthenticationFilter - Authentication skipped for internal endpoint, uri=/api/v1/admin/internal/notification-recipients
2026-09-18 16:28:43 DEBUG c.s.c.s.JwtAuthenticationFilter - Authentication skipped for internal endpoint, uri=/api/v1/internal/rule-cache/active-rules
2026-09-18 16:28:43 DEBUG c.s.c.s.JwtAuthenticationFilter - Authentication skipped for internal endpoint, uri=/api/v1/internal/rule-cache/active-decision-policy
2026-09-18 16:28:43 DEBUG c.s.c.s.JwtAuthenticationFilter - Authentication skipped for internal endpoint, uri=/api/v1/internal/rule-cache/active-blacklist-entries
2026-09-18 16:29:07 DEBUG c.s.c.s.JwtAuthenticationFilter - Authentication skipped for internal endpoint, uri=/api/v1/admin/internal/notification-recipients
2026-09-18 16:30:02 WARN  com.zaxxer.hikari.pool.HikariPool - HikariPool-1 - Thread starvation or clock leap detected (housekeeper delta=1m23s298ms624µs400ns).
2026-09-18 16:30:03 DEBUG c.s.c.s.JwtAuthenticationFilter - Authentication skipped for internal endpoint, uri=/api/v1/admin/internal/notification-recipients
2026-09-18 16:30:09 DEBUG c.s.c.s.JwtAuthenticationFilter - Authentication successful, userId=1, uri=/api/v1/admin/blacklist-entries
2026-09-18 16:30:09 INFO  c.s.b.s.BlacklistEntryServiceImpl - Fetch all blacklist entries service started, page=0, size=10
2026-09-18 16:30:09 INFO  c.s.b.s.BlacklistEntryServiceImpl - Blacklist entries fetched successfully, count=2
2026-09-18 16:30:09 DEBUG c.s.c.s.JwtAuthenticationFilter - Authentication successful, userId=1, uri=/api/v1/admin/blacklist-entries
2026-09-18 16:30:09 INFO  c.s.b.s.BlacklistEntryServiceImpl - Fetch all blacklist entries service started, page=0, size=10
2026-09-18 16:30:09 INFO  c.s.b.s.BlacklistEntryServiceImpl - Blacklist entries fetched successfully, count=2
2026-09-18 16:30:33 DEBUG c.s.c.s.JwtAuthenticationFilter - Authentication skipped for internal endpoint, uri=/api/v1/admin/internal/notification-recipients
2026-09-18 16:31:03 DEBUG c.s.c.s.JwtAuthenticationFilter - Authentication skipped for internal endpoint, uri=/api/v1/admin/internal/notification-recipients
2026-09-18 16:31:33 DEBUG c.s.c.s.JwtAuthenticationFilter - Authentication skipped for internal endpoint, uri=/api/v1/admin/internal/notification-recipients
2026-09-18 16:32:04 DEBUG c.s.c.s.JwtAuthenticationFilter - Authentication skipped for internal endpoint, uri=/api/v1/admin/internal/notification-recipients
2026-09-18 16:32:34 DEBUG c.s.c.s.JwtAuthenticationFilter - Authentication skipped for internal endpoint, uri=/api/v1/admin/internal/notification-recipients
2026-09-18 16:33:04 DEBUG c.s.c.s.JwtAuthenticationFilter - Authentication skipped for internal endpoint, uri=/api/v1/admin/internal/notification-recipients
2026-09-18 16:33:34 DEBUG c.s.c.s.JwtAuthenticationFilter - Authentication skipped for internal endpoint, uri=/api/v1/admin/internal/notification-recipients
2026-09-18 16:34:04 DEBUG c.s.c.s.JwtAuthenticationFilter - Authentication skipped for internal endpoint, uri=/api/v1/admin/internal/notification-recipients
2026-09-18 16:34:34 DEBUG c.s.c.s.JwtAuthenticationFilter - Authentication skipped for internal endpoint, uri=/api/v1/admin/internal/notification-recipients
2026-09-18 16:34:36 DEBUG c.s.c.s.JwtAuthenticationFilter - Authentication skipped for internal endpoint, uri=/api/v1/internal/rule-cache/active-rules
2026-09-18 16:34:36 DEBUG c.s.c.s.JwtAuthenticationFilter - Authentication skipped for internal endpoint, uri=/api/v1/internal/rule-cache/active-decision-policy
2026-09-18 16:34:36 DEBUG c.s.c.s.JwtAuthenticationFilter - Authentication skipped for internal endpoint, uri=/api/v1/internal/rule-cache/active-blacklist-entries
2026-09-18 16:35:04 DEBUG c.s.c.s.JwtAuthenticationFilter - Authentication skipped for internal endpoint, uri=/api/v1/admin/internal/notification-recipients
2026-09-18 16:35:34 DEBUG c.s.c.s.JwtAuthenticationFilter - Authentication skipped for internal endpoint, uri=/api/v1/admin/internal/notification-recipients
2026-09-18 16:36:04 DEBUG c.s.c.s.JwtAuthenticationFilter - Authentication skipped for internal endpoint, uri=/api/v1/admin/internal/notification-recipients
2026-09-18 16:36:34 DEBUG c.s.c.s.JwtAuthenticationFilter - Authentication skipped for internal endpoint, uri=/api/v1/admin/internal/notification-recipients
2026-09-18 16:37:04 DEBUG c.s.c.s.JwtAuthenticationFilter - Authentication skipped for internal endpoint, uri=/api/v1/admin/internal/notification-recipients
2026-09-18 16:37:34 DEBUG c.s.c.s.JwtAuthenticationFilter - Authentication skipped for internal endpoint, uri=/api/v1/admin/internal/notification-recipients
2026-09-18 16:38:04 DEBUG c.s.c.s.JwtAuthenticationFilter - Authentication skipped for internal endpoint, uri=/api/v1/admin/internal/notification-recipients
2026-09-18 16:38:34 DEBUG c.s.c.s.JwtAuthenticationFilter - Authentication skipped for internal endpoint, uri=/api/v1/admin/internal/notification-recipients
2026-09-18 16:38:46 DEBUG c.s.c.s.JwtAuthenticationFilter - Authentication successful, userId=1, uri=/api/v1/decision-policy/latest
2026-09-18 16:38:46 DEBUG c.s.c.s.JwtAuthenticationFilter - Authentication successful, userId=1, uri=/api/v1/decision-policy/latest
2026-09-18 16:39:04 DEBUG c.s.c.s.JwtAuthenticationFilter - Authentication skipped for internal endpoint, uri=/api/v1/admin/internal/notification-recipients
2026-09-18 16:39:34 DEBUG c.s.c.s.JwtAuthenticationFilter - Authentication skipped for internal endpoint, uri=/api/v1/admin/internal/notification-recipients
2026-09-18 16:39:36 DEBUG c.s.c.s.JwtAuthenticationFilter - Authentication skipped for internal endpoint, uri=/api/v1/internal/rule-cache/active-rules
2026-09-18 16:39:36 DEBUG c.s.c.s.JwtAuthenticationFilter - Authentication skipped for internal endpoint, uri=/api/v1/internal/rule-cache/active-decision-policy
2026-09-18 16:39:36 DEBUG c.s.c.s.JwtAuthenticationFilter - Authentication skipped for internal endpoint, uri=/api/v1/internal/rule-cache/active-blacklist-entries
2026-09-18 16:40:04 DEBUG c.s.c.s.JwtAuthenticationFilter - Authentication skipped for internal endpoint, uri=/api/v1/admin/internal/notification-recipients
2026-09-18 16:40:34 DEBUG c.s.c.s.JwtAuthenticationFilter - Authentication skipped for internal endpoint, uri=/api/v1/admin/internal/notification-recipients
2026-09-18 16:41:04 DEBUG c.s.c.s.JwtAuthenticationFilter - Authentication skipped for internal endpoint, uri=/api/v1/admin/internal/notification-recipients
2026-09-18 16:41:34 DEBUG c.s.c.s.JwtAuthenticationFilter - Authentication skipped for internal endpoint, uri=/api/v1/admin/internal/notification-recipients
2026-09-18 16:42:04 DEBUG c.s.c.s.JwtAuthenticationFilter - Authentication skipped for internal endpoint, uri=/api/v1/admin/internal/notification-recipients
2026-09-18 16:42:34 DEBUG c.s.c.s.JwtAuthenticationFilter - Authentication skipped for internal endpoint, uri=/api/v1/admin/internal/notification-recipients
2026-09-18 16:43:04 DEBUG c.s.c.s.JwtAuthenticationFilter - Authentication skipped for internal endpoint, uri=/api/v1/admin/internal/notification-recipients
2026-09-18 16:43:34 DEBUG c.s.c.s.JwtAuthenticationFilter - Authentication skipped for internal endpoint, uri=/api/v1/admin/internal/notification-recipients
2026-09-18 16:44:04 DEBUG c.s.c.s.JwtAuthenticationFilter - Authentication skipped for internal endpoint, uri=/api/v1/admin/internal/notification-recipients
2026-09-18 16:44:34 DEBUG c.s.c.s.JwtAuthenticationFilter - Authentication skipped for internal endpoint, uri=/api/v1/admin/internal/notification-recipients
2026-09-18 16:44:36 DEBUG c.s.c.s.JwtAuthenticationFilter - Authentication skipped for internal endpoint, uri=/api/v1/internal/rule-cache/active-rules
2026-09-18 16:44:36 DEBUG c.s.c.s.JwtAuthenticationFilter - Authentication skipped for internal endpoint, uri=/api/v1/internal/rule-cache/active-decision-policy
2026-09-18 16:44:36 DEBUG c.s.c.s.JwtAuthenticationFilter - Authentication skipped for internal endpoint, uri=/api/v1/internal/rule-cache/active-blacklist-entries
2026-09-18 16:45:04 DEBUG c.s.c.s.JwtAuthenticationFilter - Authentication skipped for internal endpoint, uri=/api/v1/admin/internal/notification-recipients
2026-09-18 16:45:34 DEBUG c.s.c.s.JwtAuthenticationFilter - Authentication skipped for internal endpoint, uri=/api/v1/admin/internal/notification-recipients
2026-09-18 16:46:04 DEBUG c.s.c.s.JwtAuthenticationFilter - Authentication skipped for internal endpoint, uri=/api/v1/admin/internal/notification-recipients
2026-09-18 16:46:15 DEBUG c.s.c.s.JwtAuthenticationFilter - Authentication successful, userId=1, uri=/api/v1/decision-policy/latest
2026-09-18 16:46:15 DEBUG c.s.c.s.JwtAuthenticationFilter - Authentication successful, userId=1, uri=/api/v1/decision-policy/latest
2026-09-18 16:46:34 DEBUG c.s.c.s.JwtAuthenticationFilter - Authentication skipped for internal endpoint, uri=/api/v1/admin/internal/notification-recipients
2026-09-18 16:47:04 DEBUG c.s.c.s.JwtAuthenticationFilter - Authentication skipped for internal endpoint, uri=/api/v1/admin/internal/notification-recipients
2026-09-18 16:47:34 DEBUG c.s.c.s.JwtAuthenticationFilter - Authentication skipped for internal endpoint, uri=/api/v1/admin/internal/notification-recipients
2026-09-18 16:48:04 DEBUG c.s.c.s.JwtAuthenticationFilter - Authentication skipped for internal endpoint, uri=/api/v1/admin/internal/notification-recipients
2026-09-18 16:48:34 DEBUG c.s.c.s.JwtAuthenticationFilter - Authentication skipped for internal endpoint, uri=/api/v1/admin/internal/notification-recipients
2026-09-18 16:49:04 DEBUG c.s.c.s.JwtAuthenticationFilter - Authentication skipped for internal endpoint, uri=/api/v1/admin/internal/notification-recipients
2026-09-18 16:49:23 DEBUG c.s.c.s.JwtAuthenticationFilter - Authentication successful, userId=1, uri=/api/v1/decision-policy/latest
2026-09-18 16:49:23 DEBUG c.s.c.s.JwtAuthenticationFilter - Authentication successful, userId=1, uri=/api/v1/decision-policy/latest
2026-09-18 16:49:34 DEBUG c.s.c.s.JwtAuthenticationFilter - Authentication skipped for internal endpoint, uri=/api/v1/admin/internal/notification-recipients
2026-09-18 16:49:36 DEBUG c.s.c.s.JwtAuthenticationFilter - Authentication skipped for internal endpoint, uri=/api/v1/internal/rule-cache/active-rules
2026-09-18 16:49:36 DEBUG c.s.c.s.JwtAuthenticationFilter - Authentication skipped for internal endpoint, uri=/api/v1/internal/rule-cache/active-decision-policy
2026-09-18 16:49:36 DEBUG c.s.c.s.JwtAuthenticationFilter - Authentication skipped for internal endpoint, uri=/api/v1/internal/rule-cache/active-blacklist-entries
2026-09-18 16:50:04 DEBUG c.s.c.s.JwtAuthenticationFilter - Authentication skipped for internal endpoint, uri=/api/v1/admin/internal/notification-recipients
2026-09-18 16:50:35 DEBUG c.s.c.s.JwtAuthenticationFilter - Authentication skipped for internal endpoint, uri=/api/v1/admin/internal/notification-recipients
2026-09-18 16:51:05 DEBUG c.s.c.s.JwtAuthenticationFilter - Authentication skipped for internal endpoint, uri=/api/v1/admin/internal/notification-recipients
2026-09-18 16:51:35 DEBUG c.s.c.s.JwtAuthenticationFilter - Authentication skipped for internal endpoint, uri=/api/v1/admin/internal/notification-recipients
2026-09-18 16:52:05 DEBUG c.s.c.s.JwtAuthenticationFilter - Authentication skipped for internal endpoint, uri=/api/v1/admin/internal/notification-recipients
2026-09-18 16:52:35 DEBUG c.s.c.s.JwtAuthenticationFilter - Authentication skipped for internal endpoint, uri=/api/v1/admin/internal/notification-recipients
2026-09-18 16:53:05 DEBUG c.s.c.s.JwtAuthenticationFilter - Authentication skipped for internal endpoint, uri=/api/v1/admin/internal/notification-recipients
2026-09-18 16:53:35 DEBUG c.s.c.s.JwtAuthenticationFilter - Authentication skipped for internal endpoint, uri=/api/v1/admin/internal/notification-recipients
2026-09-18 16:54:05 DEBUG c.s.c.s.JwtAuthenticationFilter - Authentication skipped for internal endpoint, uri=/api/v1/admin/internal/notification-recipients
2026-09-18 16:54:35 DEBUG c.s.c.s.JwtAuthenticationFilter - Authentication skipped for internal endpoint, uri=/api/v1/admin/internal/notification-recipients
2026-09-18 16:54:36 DEBUG c.s.c.s.JwtAuthenticationFilter - Authentication skipped for internal endpoint, uri=/api/v1/internal/rule-cache/active-rules
2026-09-18 16:54:36 DEBUG c.s.c.s.JwtAuthenticationFilter - Authentication skipped for internal endpoint, uri=/api/v1/internal/rule-cache/active-decision-policy
2026-09-18 16:54:36 DEBUG c.s.c.s.JwtAuthenticationFilter - Authentication skipped for internal endpoint, uri=/api/v1/internal/rule-cache/active-blacklist-entries
2026-09-18 16:55:05 DEBUG c.s.c.s.JwtAuthenticationFilter - Authentication skipped for internal endpoint, uri=/api/v1/admin/internal/notification-recipients
2026-09-18 16:55:35 DEBUG c.s.c.s.JwtAuthenticationFilter - Authentication skipped for internal endpoint, uri=/api/v1/admin/internal/notification-recipients
2026-09-18 16:56:05 DEBUG c.s.c.s.JwtAuthenticationFilter - Authentication skipped for internal endpoint, uri=/api/v1/admin/internal/notification-recipients
2026-09-18 16:56:50 WARN  com.zaxxer.hikari.pool.HikariPool - HikariPool-1 - Thread starvation or clock leap detected (housekeeper delta=48s131ms717µs100ns).
2026-09-18 16:56:53 DEBUG c.s.c.s.JwtAuthenticationFilter - Authentication skipped for internal endpoint, uri=/api/v1/admin/internal/notification-recipients
2026-09-18 16:57:23 DEBUG c.s.c.s.JwtAuthenticationFilter - Authentication skipped for internal endpoint, uri=/api/v1/admin/internal/notification-recipients
2026-09-18 16:57:53 DEBUG c.s.c.s.JwtAuthenticationFilter - Authentication skipped for internal endpoint, uri=/api/v1/admin/internal/notification-recipients
2026-09-18 16:58:23 DEBUG c.s.c.s.JwtAuthenticationFilter - Authentication skipped for internal endpoint, uri=/api/v1/admin/internal/notification-recipients
2026-09-18 16:58:53 DEBUG c.s.c.s.JwtAuthenticationFilter - Authentication skipped for internal endpoint, uri=/api/v1/admin/internal/notification-recipients
2026-09-18 16:59:23 DEBUG c.s.c.s.JwtAuthenticationFilter - Authentication skipped for internal endpoint, uri=/api/v1/admin/internal/notification-recipients
2026-09-18 16:59:53 DEBUG c.s.c.s.JwtAuthenticationFilter - Authentication skipped for internal endpoint, uri=/api/v1/admin/internal/notification-recipients
2026-09-18 16:59:54 DEBUG c.s.c.s.JwtAuthenticationFilter - Authentication skipped for internal endpoint, uri=/api/v1/internal/rule-cache/active-rules
2026-09-18 16:59:54 DEBUG c.s.c.s.JwtAuthenticationFilter - Authentication skipped for internal endpoint, uri=/api/v1/internal/rule-cache/active-decision-policy
2026-09-18 16:59:55 DEBUG c.s.c.s.JwtAuthenticationFilter - Authentication skipped for internal endpoint, uri=/api/v1/internal/rule-cache/active-blacklist-entries
2026-09-18 17:00:23 DEBUG c.s.c.s.JwtAuthenticationFilter - Authentication skipped for internal endpoint, uri=/api/v1/admin/internal/notification-recipients
2026-09-18 17:01:06 DEBUG c.s.c.s.JwtAuthenticationFilter - Authentication skipped for internal endpoint, uri=/api/v1/admin/internal/notification-recipients
2026-09-18 17:01:36 DEBUG c.s.c.s.JwtAuthenticationFilter - Authentication skipped for internal endpoint, uri=/api/v1/admin/internal/notification-recipients
2026-09-18 17:02:06 DEBUG c.s.c.s.JwtAuthenticationFilter - Authentication skipped for internal endpoint, uri=/api/v1/admin/internal/notification-recipients
2026-09-18 17:02:37 DEBUG c.s.c.s.JwtAuthenticationFilter - Authentication skipped for internal endpoint, uri=/api/v1/admin/internal/notification-recipients
2026-09-18 17:03:07 DEBUG c.s.c.s.JwtAuthenticationFilter - Authentication skipped for internal endpoint, uri=/api/v1/admin/internal/notification-recipients
2026-09-18 17:03:37 DEBUG c.s.c.s.JwtAuthenticationFilter - Authentication skipped for internal endpoint, uri=/api/v1/admin/internal/notification-recipients
2026-09-18 17:04:07 DEBUG c.s.c.s.JwtAuthenticationFilter - Authentication skipped for internal endpoint, uri=/api/v1/admin/internal/notification-recipients
2026-09-18 17:04:37 DEBUG c.s.c.s.JwtAuthenticationFilter - Authentication skipped for internal endpoint, uri=/api/v1/admin/internal/notification-recipients
2026-09-18 17:05:07 DEBUG c.s.c.s.JwtAuthenticationFilter - Authentication skipped for internal endpoint, uri=/api/v1/admin/internal/notification-recipients
2026-09-18 17:05:08 DEBUG c.s.c.s.JwtAuthenticationFilter - Authentication skipped for internal endpoint, uri=/api/v1/internal/rule-cache/active-rules
2026-09-18 17:05:08 DEBUG c.s.c.s.JwtAuthenticationFilter - Authentication skipped for internal endpoint, uri=/api/v1/internal/rule-cache/active-decision-policy
2026-09-18 17:05:08 DEBUG c.s.c.s.JwtAuthenticationFilter - Authentication skipped for internal endpoint, uri=/api/v1/internal/rule-cache/active-blacklist-entries
2026-09-18 17:05:37 DEBUG c.s.c.s.JwtAuthenticationFilter - Authentication skipped for internal endpoint, uri=/api/v1/admin/internal/notification-recipients
2026-09-18 17:06:07 DEBUG c.s.c.s.JwtAuthenticationFilter - Authentication skipped for internal endpoint, uri=/api/v1/admin/internal/notification-recipients
2026-09-18 17:06:37 DEBUG c.s.c.s.JwtAuthenticationFilter - Authentication skipped for internal endpoint, uri=/api/v1/admin/internal/notification-recipients
2026-09-18 17:07:02 DEBUG c.s.c.s.JwtAuthenticationFilter - Authentication successful, userId=1, uri=/api/v1/admin/rule-category/list
2026-09-18 17:07:02 WARN  c.s.c.e.GlobalExceptionHandler - Endpoint not found exception handled: No static resource api/v1/admin/rule-category/list.
2026-09-18 17:07:02 DEBUG c.s.c.s.JwtAuthenticationFilter - Authentication successful, userId=1, uri=/api/v1/rule-category/list
2026-09-18 17:07:02 DEBUG c.s.c.s.JwtAuthenticationFilter - Authentication successful, userId=1, uri=/api/v1/admin/rule-category/list
2026-09-18 17:07:02 WARN  c.s.c.e.GlobalExceptionHandler - Endpoint not found exception handled: No static resource api/v1/admin/rule-category/list.
2026-09-18 17:07:02 DEBUG c.s.c.s.JwtAuthenticationFilter - Authentication successful, userId=1, uri=/api/v1/rule-category/list
2026-09-18 17:07:03 DEBUG c.s.c.s.JwtAuthenticationFilter - Authentication successful, userId=1, uri=/api/v1/admin/rule-category/list
2026-09-18 17:07:03 DEBUG c.s.c.s.JwtAuthenticationFilter - Authentication successful, userId=1, uri=/api/v1/fraud-rule
2026-09-18 17:07:03 WARN  c.s.c.e.GlobalExceptionHandler - Endpoint not found exception handled: No static resource api/v1/admin/rule-category/list.
2026-09-18 17:07:03 DEBUG c.s.c.s.JwtAuthenticationFilter - Authentication successful, userId=1, uri=/api/v1/admin/rule-category/list
2026-09-18 17:07:03 WARN  c.s.c.e.GlobalExceptionHandler - Endpoint not found exception handled: No static resource api/v1/admin/rule-category/list.
2026-09-18 17:07:03 DEBUG c.s.c.s.JwtAuthenticationFilter - Authentication successful, userId=1, uri=/api/v1/rule-category/list
2026-09-18 17:07:03 DEBUG c.s.c.s.JwtAuthenticationFilter - Authentication successful, userId=1, uri=/api/v1/fraud-rule
2026-09-18 17:07:03 DEBUG c.s.c.s.JwtAuthenticationFilter - Authentication successful, userId=1, uri=/api/v1/rule-category/list
2026-09-18 17:07:07 DEBUG c.s.c.s.JwtAuthenticationFilter - Authentication skipped for internal endpoint, uri=/api/v1/admin/internal/notification-recipients
2026-09-18 17:07:18 DEBUG c.s.c.s.JwtAuthenticationFilter - Authentication successful, userId=1, uri=/api/v1/fraud-rule
2026-09-18 17:07:18 DEBUG c.s.c.s.JwtAuthenticationFilter - Authentication successful, userId=1, uri=/api/v1/rule-score/list
2026-09-18 17:07:18 INFO  c.s.r.service.RuleScoreServiceImpl - Rule score filters received: {search=, size=10, page=0}
2026-09-18 17:07:18 DEBUG c.s.c.s.JwtAuthenticationFilter - Authentication successful, userId=1, uri=/api/v1/fraud-rule
2026-09-18 17:07:18 DEBUG c.s.c.s.JwtAuthenticationFilter - Authentication successful, userId=1, uri=/api/v1/rule-score/list
2026-09-18 17:07:18 INFO  c.s.r.service.RuleScoreServiceImpl - Rule score filters received: {search=, size=10, page=0}
2026-09-18 17:07:19 DEBUG c.s.c.s.JwtAuthenticationFilter - Authentication successful, userId=1, uri=/api/v1/admin/blacklist-entries
2026-09-18 17:07:19 INFO  c.s.b.s.BlacklistEntryServiceImpl - Fetch all blacklist entries service started, page=0, size=10
2026-09-18 17:07:19 INFO  c.s.b.s.BlacklistEntryServiceImpl - Blacklist entries fetched successfully, count=2
2026-09-18 17:07:19 DEBUG c.s.c.s.JwtAuthenticationFilter - Authentication successful, userId=1, uri=/api/v1/admin/blacklist-entries
2026-09-18 17:07:19 INFO  c.s.b.s.BlacklistEntryServiceImpl - Fetch all blacklist entries service started, page=0, size=10
2026-09-18 17:07:19 INFO  c.s.b.s.BlacklistEntryServiceImpl - Blacklist entries fetched successfully, count=2
2026-09-18 17:07:21 DEBUG c.s.c.s.JwtAuthenticationFilter - Authentication successful, userId=1, uri=/api/v1/admin/rule-category/list
2026-09-18 17:07:21 WARN  c.s.c.e.GlobalExceptionHandler - Endpoint not found exception handled: No static resource api/v1/admin/rule-category/list.
2026-09-18 17:07:21 DEBUG c.s.c.s.JwtAuthenticationFilter - Authentication successful, userId=1, uri=/api/v1/admin/rule-category/list
2026-09-18 17:07:21 DEBUG c.s.c.s.JwtAuthenticationFilter - Authentication successful, userId=1, uri=/api/v1/rule-category/list
2026-09-18 17:07:21 WARN  c.s.c.e.GlobalExceptionHandler - Endpoint not found exception handled: No static resource api/v1/admin/rule-category/list.
2026-09-18 17:07:22 DEBUG c.s.c.s.JwtAuthenticationFilter - Authentication successful, userId=1, uri=/api/v1/rule-category/list
2026-09-18 17:07:23 DEBUG c.s.c.s.JwtAuthenticationFilter - Authentication successful, userId=1, uri=/api/v1/fraud-rule
2026-09-18 17:07:23 DEBUG c.s.c.s.JwtAuthenticationFilter - Authentication successful, userId=1, uri=/api/v1/admin/rule-category/list
2026-09-18 17:07:23 WARN  c.s.c.e.GlobalExceptionHandler - Endpoint not found exception handled: No static resource api/v1/admin/rule-category/list.
2026-09-18 17:07:23 DEBUG c.s.c.s.JwtAuthenticationFilter - Authentication successful, userId=1, uri=/api/v1/admin/rule-category/list
2026-09-18 17:07:23 WARN  c.s.c.e.GlobalExceptionHandler - Endpoint not found exception handled: No static resource api/v1/admin/rule-category/list.
2026-09-18 17:07:23 DEBUG c.s.c.s.JwtAuthenticationFilter - Authentication successful, userId=1, uri=/api/v1/rule-category/list
2026-09-18 17:07:23 DEBUG c.s.c.s.JwtAuthenticationFilter - Authentication successful, userId=1, uri=/api/v1/fraud-rule
2026-09-18 17:07:23 DEBUG c.s.c.s.JwtAuthenticationFilter - Authentication successful, userId=1, uri=/api/v1/rule-category/list
2026-09-18 17:07:24 DEBUG c.s.c.s.JwtAuthenticationFilter - Authentication successful, userId=1, uri=/api/v1/rule-score/list
2026-09-18 17:07:24 DEBUG c.s.c.s.JwtAuthenticationFilter - Authentication successful, userId=1, uri=/api/v1/fraud-rule
2026-09-18 17:07:24 INFO  c.s.r.service.RuleScoreServiceImpl - Rule score filters received: {search=, size=10, page=0}
2026-09-18 17:07:24 DEBUG c.s.c.s.JwtAuthenticationFilter - Authentication successful, userId=1, uri=/api/v1/fraud-rule
2026-09-18 17:07:24 DEBUG c.s.c.s.JwtAuthenticationFilter - Authentication successful, userId=1, uri=/api/v1/rule-score/list
2026-09-18 17:07:24 INFO  c.s.r.service.RuleScoreServiceImpl - Rule score filters received: {search=, size=10, page=0}
2026-09-18 17:07:25 DEBUG c.s.c.s.JwtAuthenticationFilter - Authentication successful, userId=1, uri=/api/v1/admin/blacklist-entries
2026-09-18 17:07:25 INFO  c.s.b.s.BlacklistEntryServiceImpl - Fetch all blacklist entries service started, page=0, size=10
2026-09-18 17:07:25 INFO  c.s.b.s.BlacklistEntryServiceImpl - Blacklist entries fetched successfully, count=2
2026-09-18 17:07:25 DEBUG c.s.c.s.JwtAuthenticationFilter - Authentication successful, userId=1, uri=/api/v1/admin/blacklist-entries
2026-09-18 17:07:25 INFO  c.s.b.s.BlacklistEntryServiceImpl - Fetch all blacklist entries service started, page=0, size=10
2026-09-18 17:07:25 INFO  c.s.b.s.BlacklistEntryServiceImpl - Blacklist entries fetched successfully, count=2
2026-09-18 17:07:37 DEBUG c.s.c.s.JwtAuthenticationFilter - Authentication skipped for internal endpoint, uri=/api/v1/admin/internal/notification-recipients
2026-09-18 17:08:07 DEBUG c.s.c.s.JwtAuthenticationFilter - Authentication skipped for internal endpoint, uri=/api/v1/admin/internal/notification-recipients
2026-09-18 17:08:37 DEBUG c.s.c.s.JwtAuthenticationFilter - Authentication skipped for internal endpoint, uri=/api/v1/admin/internal/notification-recipients
2026-09-18 17:09:07 DEBUG c.s.c.s.JwtAuthenticationFilter - Authentication skipped for internal endpoint, uri=/api/v1/admin/internal/notification-recipients
2026-09-18 17:09:37 DEBUG c.s.c.s.JwtAuthenticationFilter - Authentication skipped for internal endpoint, uri=/api/v1/admin/internal/notification-recipients
2026-09-18 17:10:07 DEBUG c.s.c.s.JwtAuthenticationFilter - Authentication skipped for internal endpoint, uri=/api/v1/admin/internal/notification-recipients
2026-09-18 17:10:08 DEBUG c.s.c.s.JwtAuthenticationFilter - Authentication skipped for internal endpoint, uri=/api/v1/internal/rule-cache/active-rules
2026-09-18 17:10:08 DEBUG c.s.c.s.JwtAuthenticationFilter - Authentication skipped for internal endpoint, uri=/api/v1/internal/rule-cache/active-decision-policy
2026-09-18 17:10:08 DEBUG c.s.c.s.JwtAuthenticationFilter - Authentication skipped for internal endpoint, uri=/api/v1/internal/rule-cache/active-blacklist-entries
2026-09-18 17:10:37 DEBUG c.s.c.s.JwtAuthenticationFilter - Authentication skipped for internal endpoint, uri=/api/v1/admin/internal/notification-recipients
2026-09-18 17:11:07 DEBUG c.s.c.s.JwtAuthenticationFilter - Authentication skipped for internal endpoint, uri=/api/v1/admin/internal/notification-recipients
2026-09-18 17:13:43 DEBUG c.s.c.s.JwtAuthenticationFilter - Authentication successful, userId=1, uri=/api/v1/admin/blacklist-entries
2026-09-18 17:13:43 INFO  c.s.b.s.BlacklistEntryServiceImpl - Fetch all blacklist entries service started, page=0, size=10
2026-09-18 17:13:44 INFO  c.s.b.s.BlacklistEntryServiceImpl - Blacklist entries fetched successfully, count=2
2026-09-18 17:13:44 DEBUG c.s.c.s.JwtAuthenticationFilter - Authentication successful, userId=1, uri=/api/v1/admin/blacklist-entries
2026-09-18 17:13:44 INFO  c.s.b.s.BlacklistEntryServiceImpl - Fetch all blacklist entries service started, page=0, size=10
2026-09-18 17:13:44 INFO  c.s.b.s.BlacklistEntryServiceImpl - Blacklist entries fetched successfully, count=2
2026-09-18 17:13:57 WARN  com.zaxxer.hikari.pool.HikariPool - HikariPool-1 - Thread starvation or clock leap detected (housekeeper delta=2m53s166ms468µs).
2026-09-18 17:14:00 DEBUG c.s.c.s.JwtAuthenticationFilter - Authentication skipped for internal endpoint, uri=/api/v1/admin/internal/notification-recipients
2026-09-18 17:14:30 DEBUG c.s.c.s.JwtAuthenticationFilter - Authentication skipped for internal endpoint, uri=/api/v1/admin/internal/notification-recipients
2026-09-18 17:15:00 DEBUG c.s.c.s.JwtAuthenticationFilter - Authentication skipped for internal endpoint, uri=/api/v1/admin/internal/notification-recipients
2026-09-18 17:15:29 DEBUG c.s.c.s.JwtAuthenticationFilter - Authentication successful, userId=1, uri=/api/v1/admin/rule-category/list
2026-09-18 17:15:29 WARN  c.s.c.e.GlobalExceptionHandler - Endpoint not found exception handled: No static resource api/v1/admin/rule-category/list.
2026-09-18 17:15:29 DEBUG c.s.c.s.JwtAuthenticationFilter - Authentication successful, userId=1, uri=/api/v1/admin/rule-category/list
2026-09-18 17:15:29 WARN  c.s.c.e.GlobalExceptionHandler - Endpoint not found exception handled: No static resource api/v1/admin/rule-category/list.
2026-09-18 17:15:29 DEBUG c.s.c.s.JwtAuthenticationFilter - Authentication successful, userId=1, uri=/api/v1/rule-category/list
2026-09-18 17:15:29 DEBUG c.s.c.s.JwtAuthenticationFilter - Authentication successful, userId=1, uri=/api/v1/rule-category/list
2026-09-18 17:15:30 DEBUG c.s.c.s.JwtAuthenticationFilter - Authentication skipped for internal endpoint, uri=/api/v1/admin/internal/notification-recipients
2026-09-18 17:15:39 DEBUG c.s.c.s.JwtAuthenticationFilter - Authentication successful, userId=1, uri=/api/v1/admin/rule-category/create
2026-09-18 17:15:39 WARN  c.s.c.e.GlobalExceptionHandler - Endpoint not found exception handled: No static resource api/v1/admin/rule-category/create.
2026-09-18 17:15:39 DEBUG c.s.c.s.JwtAuthenticationFilter - Authentication successful, userId=1, uri=/api/v1/rule-category/create
2026-09-18 17:15:39 INFO  c.s.r.s.RuleCategoryServiceImpl - Create rule category started, categoryName=Channel
2026-09-18 17:15:39 WARN  c.s.c.e.GlobalExceptionHandler - Invalid request exception handled: Category already exists
2026-09-18 17:15:48 DEBUG c.s.c.s.JwtAuthenticationFilter - Authentication successful, userId=1, uri=/api/v1/admin/rule-category/create
2026-09-18 17:15:48 WARN  c.s.c.e.GlobalExceptionHandler - Endpoint not found exception handled: No static resource api/v1/admin/rule-category/create.
2026-09-18 17:15:48 DEBUG c.s.c.s.JwtAuthenticationFilter - Authentication successful, userId=1, uri=/api/v1/rule-category/create
2026-09-18 17:15:48 INFO  c.s.r.s.RuleCategoryServiceImpl - Create rule category started, categoryName=Channelsss
2026-09-18 17:15:48 INFO  c.s.r.s.RuleCategoryServiceImpl - Rule category created successfully, id=21
2026-09-18 17:15:48 DEBUG c.s.c.s.JwtAuthenticationFilter - Authentication successful, userId=1, uri=/api/v1/admin/rule-category/list
2026-09-18 17:15:48 WARN  c.s.c.e.GlobalExceptionHandler - Endpoint not found exception handled: No static resource api/v1/admin/rule-category/list.
2026-09-18 17:15:48 DEBUG c.s.c.s.JwtAuthenticationFilter - Authentication successful, userId=1, uri=/api/v1/rule-category/list
2026-09-18 17:16:00 DEBUG c.s.c.s.JwtAuthenticationFilter - Authentication skipped for internal endpoint, uri=/api/v1/admin/internal/notification-recipients
2026-09-18 17:16:30 DEBUG c.s.c.s.JwtAuthenticationFilter - Authentication skipped for internal endpoint, uri=/api/v1/admin/internal/notification-recipients
2026-09-18 17:16:39 DEBUG c.s.c.s.JwtAuthenticationFilter - Authentication successful, userId=1, uri=/api/v1/admin/rule-category/list
2026-09-18 17:16:39 DEBUG c.s.c.s.JwtAuthenticationFilter - Authentication successful, userId=1, uri=/api/v1/fraud-rule
2026-09-18 17:16:39 WARN  c.s.c.e.GlobalExceptionHandler - Endpoint not found exception handled: No static resource api/v1/admin/rule-category/list.
2026-09-18 17:16:39 DEBUG c.s.c.s.JwtAuthenticationFilter - Authentication successful, userId=1, uri=/api/v1/admin/rule-category/list
2026-09-18 17:16:39 WARN  c.s.c.e.GlobalExceptionHandler - Endpoint not found exception handled: No static resource api/v1/admin/rule-category/list.
2026-09-18 17:16:39 DEBUG c.s.c.s.JwtAuthenticationFilter - Authentication successful, userId=1, uri=/api/v1/fraud-rule
2026-09-18 17:16:39 DEBUG c.s.c.s.JwtAuthenticationFilter - Authentication successful, userId=1, uri=/api/v1/rule-category/list
2026-09-18 17:16:39 DEBUG c.s.c.s.JwtAuthenticationFilter - Authentication successful, userId=1, uri=/api/v1/rule-category/list
2026-09-18 17:17:00 DEBUG c.s.c.s.JwtAuthenticationFilter - Authentication skipped for internal endpoint, uri=/api/v1/admin/internal/notification-recipients
2026-09-18 17:17:30 DEBUG c.s.c.s.JwtAuthenticationFilter - Authentication skipped for internal endpoint, uri=/api/v1/admin/internal/notification-recipients
2026-09-18 17:17:31 DEBUG c.s.c.s.JwtAuthenticationFilter - Authentication skipped for internal endpoint, uri=/api/v1/internal/rule-cache/active-rules
2026-09-18 17:17:31 DEBUG c.s.c.s.JwtAuthenticationFilter - Authentication skipped for internal endpoint, uri=/api/v1/internal/rule-cache/active-decision-policy
2026-09-18 17:17:31 DEBUG c.s.c.s.JwtAuthenticationFilter - Authentication skipped for internal endpoint, uri=/api/v1/internal/rule-cache/active-blacklist-entries
2026-09-18 17:18:00 DEBUG c.s.c.s.JwtAuthenticationFilter - Authentication skipped for internal endpoint, uri=/api/v1/admin/internal/notification-recipients
2026-09-18 17:18:30 DEBUG c.s.c.s.JwtAuthenticationFilter - Authentication skipped for internal endpoint, uri=/api/v1/admin/internal/notification-recipients
2026-09-18 17:19:00 DEBUG c.s.c.s.JwtAuthenticationFilter - Authentication skipped for internal endpoint, uri=/api/v1/admin/internal/notification-recipients
2026-09-18 17:19:30 DEBUG c.s.c.s.JwtAuthenticationFilter - Authentication skipped for internal endpoint, uri=/api/v1/admin/internal/notification-recipients
2026-09-18 17:20:00 DEBUG c.s.c.s.JwtAuthenticationFilter - Authentication skipped for internal endpoint, uri=/api/v1/admin/internal/notification-recipients
2026-09-18 17:20:31 DEBUG c.s.c.s.JwtAuthenticationFilter - Authentication skipped for internal endpoint, uri=/api/v1/admin/internal/notification-recipients
2026-09-18 17:21:01 DEBUG c.s.c.s.JwtAuthenticationFilter - Authentication skipped for internal endpoint, uri=/api/v1/admin/internal/notification-recipients
2026-09-18 17:21:31 DEBUG c.s.c.s.JwtAuthenticationFilter - Authentication skipped for internal endpoint, uri=/api/v1/admin/internal/notification-recipients
2026-09-18 17:22:01 DEBUG c.s.c.s.JwtAuthenticationFilter - Authentication skipped for internal endpoint, uri=/api/v1/admin/internal/notification-recipients
2026-09-18 17:22:31 DEBUG c.s.c.s.JwtAuthenticationFilter - Authentication skipped for internal endpoint, uri=/api/v1/admin/internal/notification-recipients
2026-09-18 17:22:31 DEBUG c.s.c.s.JwtAuthenticationFilter - Authentication skipped for internal endpoint, uri=/api/v1/internal/rule-cache/active-rules
2026-09-18 17:22:31 DEBUG c.s.c.s.JwtAuthenticationFilter - Authentication skipped for internal endpoint, uri=/api/v1/internal/rule-cache/active-decision-policy
2026-09-18 17:22:31 DEBUG c.s.c.s.JwtAuthenticationFilter - Authentication skipped for internal endpoint, uri=/api/v1/internal/rule-cache/active-blacklist-entries
2026-09-18 17:23:01 DEBUG c.s.c.s.JwtAuthenticationFilter - Authentication skipped for internal endpoint, uri=/api/v1/admin/internal/notification-recipients
2026-09-18 17:23:31 DEBUG c.s.c.s.JwtAuthenticationFilter - Authentication skipped for internal endpoint, uri=/api/v1/admin/internal/notification-recipients
2026-09-18 17:24:01 DEBUG c.s.c.s.JwtAuthenticationFilter - Authentication skipped for internal endpoint, uri=/api/v1/admin/internal/notification-recipients
2026-09-18 17:24:31 DEBUG c.s.c.s.JwtAuthenticationFilter - Authentication skipped for internal endpoint, uri=/api/v1/admin/internal/notification-recipients
2026-09-18 17:25:01 DEBUG c.s.c.s.JwtAuthenticationFilter - Authentication skipped for internal endpoint, uri=/api/v1/admin/internal/notification-recipients
2026-09-18 17:25:31 DEBUG c.s.c.s.JwtAuthenticationFilter - Authentication skipped for internal endpoint, uri=/api/v1/admin/internal/notification-recipients
2026-09-18 17:26:01 DEBUG c.s.c.s.JwtAuthenticationFilter - Authentication skipped for internal endpoint, uri=/api/v1/admin/internal/notification-recipients
2026-09-18 17:26:31 DEBUG c.s.c.s.JwtAuthenticationFilter - Authentication skipped for internal endpoint, uri=/api/v1/admin/internal/notification-recipients
2026-09-18 17:27:01 DEBUG c.s.c.s.JwtAuthenticationFilter - Authentication skipped for internal endpoint, uri=/api/v1/admin/internal/notification-recipients
2026-09-18 17:27:31 DEBUG c.s.c.s.JwtAuthenticationFilter - Authentication skipped for internal endpoint, uri=/api/v1/admin/internal/notification-recipients
2026-09-18 17:27:31 DEBUG c.s.c.s.JwtAuthenticationFilter - Authentication skipped for internal endpoint, uri=/api/v1/internal/rule-cache/active-rules
2026-09-18 17:27:31 DEBUG c.s.c.s.JwtAuthenticationFilter - Authentication skipped for internal endpoint, uri=/api/v1/internal/rule-cache/active-decision-policy
2026-09-18 17:27:31 DEBUG c.s.c.s.JwtAuthenticationFilter - Authentication skipped for internal endpoint, uri=/api/v1/internal/rule-cache/active-blacklist-entries
2026-09-18 17:28:01 DEBUG c.s.c.s.JwtAuthenticationFilter - Authentication skipped for internal endpoint, uri=/api/v1/admin/internal/notification-recipients
2026-09-18 17:28:31 DEBUG c.s.c.s.JwtAuthenticationFilter - Authentication skipped for internal endpoint, uri=/api/v1/admin/internal/notification-recipients
2026-09-18 17:28:40 DEBUG c.s.c.s.JwtAuthenticationFilter - Authentication successful, userId=1, uri=/api/v1/fraud-rule
2026-09-18 17:28:40 DEBUG c.s.c.s.JwtAuthenticationFilter - Authentication successful, userId=1, uri=/api/v1/admin/rule-category/list
2026-09-18 17:28:40 WARN  c.s.c.e.GlobalExceptionHandler - Endpoint not found exception handled: No static resource api/v1/admin/rule-category/list.
2026-09-18 17:28:40 DEBUG c.s.c.s.JwtAuthenticationFilter - Authentication successful, userId=1, uri=/api/v1/admin/rule-category/list
2026-09-18 17:28:40 DEBUG c.s.c.s.JwtAuthenticationFilter - Authentication successful, userId=1, uri=/api/v1/fraud-rule
2026-09-18 17:28:40 WARN  c.s.c.e.GlobalExceptionHandler - Endpoint not found exception handled: No static resource api/v1/admin/rule-category/list.
2026-09-18 17:28:40 DEBUG c.s.c.s.JwtAuthenticationFilter - Authentication successful, userId=1, uri=/api/v1/rule-category/list
2026-09-18 17:28:40 DEBUG c.s.c.s.JwtAuthenticationFilter - Authentication successful, userId=1, uri=/api/v1/rule-category/list
2026-09-18 17:29:01 DEBUG c.s.c.s.JwtAuthenticationFilter - Authentication skipped for internal endpoint, uri=/api/v1/admin/internal/notification-recipients
2026-09-18 17:29:31 DEBUG c.s.c.s.JwtAuthenticationFilter - Authentication skipped for internal endpoint, uri=/api/v1/admin/internal/notification-recipients
2026-09-18 17:30:01 DEBUG c.s.c.s.JwtAuthenticationFilter - Authentication skipped for internal endpoint, uri=/api/v1/admin/internal/notification-recipients
2026-09-18 17:30:31 DEBUG c.s.c.s.JwtAuthenticationFilter - Authentication skipped for internal endpoint, uri=/api/v1/admin/internal/notification-recipients
2026-09-18 17:31:01 DEBUG c.s.c.s.JwtAuthenticationFilter - Authentication skipped for internal endpoint, uri=/api/v1/admin/internal/notification-recipients
2026-09-18 17:31:31 DEBUG c.s.c.s.JwtAuthenticationFilter - Authentication skipped for internal endpoint, uri=/api/v1/admin/internal/notification-recipients
2026-09-18 17:32:01 DEBUG c.s.c.s.JwtAuthenticationFilter - Authentication skipped for internal endpoint, uri=/api/v1/admin/internal/notification-recipients
2026-09-18 17:32:31 DEBUG c.s.c.s.JwtAuthenticationFilter - Authentication skipped for internal endpoint, uri=/api/v1/admin/internal/notification-recipients
2026-09-18 17:32:31 DEBUG c.s.c.s.JwtAuthenticationFilter - Authentication skipped for internal endpoint, uri=/api/v1/internal/rule-cache/active-rules
2026-09-18 17:32:32 DEBUG c.s.c.s.JwtAuthenticationFilter - Authentication skipped for internal endpoint, uri=/api/v1/internal/rule-cache/active-decision-policy
2026-09-18 17:32:32 DEBUG c.s.c.s.JwtAuthenticationFilter - Authentication skipped for internal endpoint, uri=/api/v1/internal/rule-cache/active-blacklist-entries
2026-09-18 17:33:01 DEBUG c.s.c.s.JwtAuthenticationFilter - Authentication skipped for internal endpoint, uri=/api/v1/admin/internal/notification-recipients
2026-09-18 17:33:31 DEBUG c.s.c.s.JwtAuthenticationFilter - Authentication skipped for internal endpoint, uri=/api/v1/admin/internal/notification-recipients
2026-09-18 17:34:01 DEBUG c.s.c.s.JwtAuthenticationFilter - Authentication skipped for internal endpoint, uri=/api/v1/admin/internal/notification-recipients
2026-09-18 17:34:31 DEBUG c.s.c.s.JwtAuthenticationFilter - Authentication skipped for internal endpoint, uri=/api/v1/admin/internal/notification-recipients
